file_a,page_a,row_a,file_b,page_b,row_b,decision,evidence
ppa/February-1st-15th-2021-Contract-Awards.pdf,1,t1r7,ppa/Execptions-February-1st-15th-2021.pdf,1,t1r13,repeat,The same numbered microphone purchase appears in the award and exception reports; Education is the end buyer and PPA the purchasing agency. The exception description adds the charger.
ppa/February-16th-28th-2021-Contract-Awards.pdf,1,t1r14,ppa/March-1-15th-2021-Contract-Awards.pdf,1,t1r4,repeat,"The complete contract 2021-1365 and PO 0456195, date, buyer, price and description match; the later printing drops the PO # and the one-time-purchase term."
ppa/March-16th-31st-2021-Exceptions-.pdf,2,t1r4,ppa/Exceptions-April-1st-15th-2021.pdf,1,t1r18,repeat,"The same textbook contract, date and description are printed under Education and Education & Early Childhood Development."
ppa/June-16th-30th-2021-Contract-Awards.pdf,1,t1r11,ppa/July-1st-15th-2021-Contract-Awards.pdf,1,t1r20,repeat,"Both reports print contract 221007995, the same PPA buyer, Pumphouse Road bridge installation and price; the printed award date changes by one month."
ppa/Contract-and-Exception-Awards-November-1st-15th-2021-1.pdf,4,t1r6,ppa/December-1st-15th-2021-Contract-Awards-and-Exceptions.pdf,1,t1r4,repeat,"The full identifier 221018927 matches with a PO label added; both describe the same 10-foot bridge expansion. PPA reports the departmental purchase again, with a one-day date difference."
ppa/Contract-and-Exception-Awards-November-16th-to-30th_2021.pdf,1,t1r12,ppa/December-1st-15th-2021-Contract-Awards-and-Exceptions.pdf,1,t1r8,repeat,"The full identifier 221019929 matches with a PO label added; PPA reprints the Comptroller General consulting purchase at the same price, with a five-day date difference and a less specific description."
ppa/Contract-and-Exception-Awards-Sept-16-30-2023.pdf,3,t1r6,ppa/Contract-and-Exception-Awards-October-16-31-2023.pdf,3,t1r19,correction,"The later report explicitly says Hydrology Study 2023 - Correction from August 16, 2023 posting. Use the corrected description for contract 7980 and preserve the earlier printing."
ppa/Contract-and-Exception-Awards-May-16-31-2023.pdf,2,t1r21,ppa/Contract-and-Exception-Awards-May-16-31-2023.pdf,2,t1r22,keep,"The same report prints Chlorine Tonners and Soda Ash as two adjacent lines, with different terms. A shared number and price do not establish a repeated purchase."
ppa/Contract-and-Exception-Awards-June-16-30-2023-1.pdf,2,t1r10,ppa/Contract-Award-Report-2024-04-16-To-2024-04-30-KD-Edits.pdf,2,t1r18,keep,"Both contract numbers and both PO numbers differ, as do the descriptions and supplier locations. Neither report identifies a correction or repeat; keep the two separately numbered published awards."
ppa/Contract-Award-Report-2024-04-16-To-2024-04-30-KD-Edits.pdf,2,t1r19,ppa/Contract-Award-Report-2024-04-16-To-2024-04-30-KD-Edits.pdf,3,t1r20,keep,"Both describe year-five Health Connect support, but contract 2024-4142 differs from 2024-4241 / PO 021351. Neither printing identifies the other as a correction or repeat."
ppa/Contract-Award-Report-2025-01-16-To-2025-01-31-KD-Edits.pdf,3,t1r12,ppa/Contract-Award-Report-2025-02-01-To-2025-02-15-KD-Edits.pdf,3,t1r17,repeat,"The same full contract 224026076, Education buyer, date and price are reprinted under a generic Educational Resources description rather than Sole Source Resources/Textbooks."
ppa/Contract-Award-Report-2025-01-16-To-2025-01-31-KD-Edits.pdf,3,t1r18,ppa/Contract-Award-Report-2025-02-01-To-2025-02-15-KD-Edits.pdf,3,t1r18,repeat,"The same full contract 224026298, Environment buyer, date and price are reprinted under Laboratory Supplies rather than the specific water-quality sondes description."
ppa/Contract-Award-Report-2025-07-16-To-2025-07-31.pdf,2,t1r11,ppa/Contract-Award-Report-2025-09-16-To-2025-09-30.pdf,3,t1r18,repeat,"The same full PO 1621991, buyer, date and price are reprinted with the same two description words in reverse order."
ppa/Contract-Award-Report-2025-08-16-To-2025-08-31.pdf,1,t1r21,ppa/Contract-Award-Report-2025-09-16-To-2025-09-30.pdf,2,t1r8,repeat,Both full identifiers match: contract 2025-4457 and PO 025047. Both describe IBM software support; the slash is omitted and the printed date changes by seven days.
ppa/2026-Mar-16-31-Contract-Awards-Report.pdf,3,t1r5,ppa/2026-Apr-16-30-Contract-Awards-Report.pdf,1,t1r23,keep,"Goulds flow monitoring has different identifiers (PUR00179398 and 202603), dates and five/six-month terms. The reports do not link the identifiers."
ppa/2026-Apr-1-15-Contract-Awards-Report.pdf,1,t1r25,ppa/2026-Apr-16-30-Contract-Awards-Report.pdf,1,t1r23,keep,"Goulds flow monitoring has different identifiers (PUR00179398 and 202603), dates and five/six-month terms. The reports do not link the identifiers."
ppa/2026-June-16-30-Contract-Awards-Report.REVISED.pdf,2,t1r9,ppa/2026-July-1-15-Contract-Awards-Report.pdf,2,t1r17,keep,"Office Remodel has different identifiers (202623 and PUR00181413), dates and terms. The reports do not link the identifiers."
ppa/2026-June-16-30-Contract-Awards-Report.REVISED.pdf,2,t1r17,ppa/2026-July-16-31-Contract-Awards-Report.pdf,2,t1r17,repeat,"Both print full contract 2026-4090, NL Health Services, Getinge, the same price and one-year term; the second description shortens catheter accessories and changes the printed date by 17 days."
ppa/2026-June-16-30-Contract-Awards-Report.REVISED.pdf,3,t1r16,ppa/2026-June-16-30-Contract-Awards-Report.REVISED.pdf,3,t1r17,keep,"Two adjacent lines explicitly specify Western Zone and Central Zone. Both purchases remain despite the shared contract number, date and price."
ppa/2026-Mar-16-31-Contract-Awards-Report.pdf,2,t1r25,ppa/2026-Apr-1-15-Contract-Awards-Report.pdf,1,t1r23,repeat,"Both print full PO PUR00179079, City of St. John's, VitalSine, $34,071.81, 3 March 2026, and the UPS battery description."
ppa/Contract-Award-Report-2025-03-01-To-2025-03-15.pdf,2,t1r19,ppa/Contract-Award-Report-2025-03-16-To-2025-03-31.pdf,2,t1r19,repeat,"The same full contract 224030011, printed date, price and RedHat ELS Licensing description are reprinted under Executive Council and its Office of the Chief Information Officer."
