decision,name,same_as,reason
merge,Microsoft,Microsoft Canada Inc.,"The provincial reports print Microsoft's awards as Microsoft, Microsoft Canada Inc. and Microsoft Cooperation, for the same Enterprise Agreement licences and Unified Support contracts to the same buyers, with addresses in Toronto, Mississauga and Reno (Microsoft's licensing office). The reports do not say which Microsoft company holds each award, so the page shows them together."
merge,Microsoft Cooperation,Microsoft,"A misprint of Microsoft Corporation (see the Microsoft line above): one 2023 licence award to the NL Centre for Health Information, Reno address."
merge,FLOYD'S CONSTRUCTON LTD,FLOYD'S CONSTRUCTION LTD,"One letter missing; both are Fisheries and Oceans wharf and breakwater contracts in the same postal area (A0K)."
merge,LOCKE'S ECTRICAL LIMITED,Locke's Electrical Limited,"Letters missing from Electrical; both are federal electrical contracts in Corner Brook's postal area (A2H)."
merge,EXPLOITS WELDING AND MACHINE SHOP L,Exploits Welding and Machine Shop Limited,"The federal file cuts the name at 35 characters; both are Fisheries and Oceans wharf contracts in Grand Falls-Windsor's postal area (A2B)."
merge,NEWDOCK - ST. JOHN'S DOCKYARD LTD,St. John's Dockyard,"NEWDOCK is St. John's Dockyard Limited's trading name. Federal contracts print NEWDOCK - St. John's Dockyard Ltd. for the Coast Guard and Navy refits that CanadaBuys notices print as St. John's Dockyard Limited."
merge,WESTERN PETROLEUM,WESTERN PETROLEUM NEWFOUNDLAND LIMITED,"The same fuel supplier: federal fuel contracts to the same departments, postal area A2H (Corner Brook), printed with and without the legal name."
merge,NARL MARKETING LIMITED PARTNERSHIP NORTH ATLANTIC,NARL MARKETING LIMITED PARTNERSHIP,"The federal file cuts the name (NARL Marketing Limited Partnership, North Atlantic Refining) at its column width; same fuel contracts, same postal area (A1B)."
merge,JCL Investments Inc Corner,JCL Investments Inc.,"The Public Accounts line splits Corner Brook across the payee and place columns (payee ""JCL Investments Inc Corner"", place ""Brook, Newfoundland and Labrador"")."
merge,Fisheries & Marine Institute of Memorial University of Nfld.,Memorial University of Newfoundland,"Same business number on federal grant records; the Fisheries and Marine Institute is a campus of Memorial University."
merge,Qalipu First Nation Band,Qalipu Mi'kmaq First Nation Band,"There is one Qalipu band. Indigenous Services prints it as Qalipu First Nation Band; other departments as Qalipu Mi'kmaq First Nation Band; both at Corner Brook."
merge,Qalipu First Nation,Qalipu Mi'kmaq First Nation Band,"The same band as the line above, printed without Mi'kmaq; same business number on federal grant records."
merge,St. John's Native Friendship Centre,FIRST LIGHT ST. JOHN'S FRIENDSHIP CENTRE INC.,"Same business number on federal grant records; St. John's Native Friendship Centre took the name First Light."
merge,Sheshatshiu Innu Band Council,Sheshatshiu Innu First Nation,"Same business number on federal grant records; the band council is the First Nation's governing body, at Sheshatshiu."
merge,Miawpukek Mi'kamawey Mawi'omi,Miawpukek First Nation,"Same business number on federal grant records; Miawpukek Mi'kamawey Mawi'omi is the First Nation's own name, at Conne River."
merge,Petroleum Research Newfoundland and Labrador,Energy Research and Innovation Newfoundland and Labrador,"Same business number on federal grant records; Petroleum Research Newfoundland and Labrador took the name Energy Research and Innovation Newfoundland and Labrador."
merge,Newfoundland and Labrador Association of Technology Industries,techNL Innovation Inc.,"Same business number on federal grant records; the Newfoundland and Labrador Association of Technology Industries took the name techNL."
merge,FISHERMEN FOOD & ALLIED WORKERS UNION,"Fish, Food And Allied Workers","Same business number on federal grant records; Fishermen, Food and Allied Workers is the union's earlier name."
merge,Sir William F. Coaker Heritage Foundation Inc.,Sir William Ford Coaker Heritage Foundation,"Same business number on federal grant records; F. is Ford."
merge,City of St. John's Municipal Council,CITY OF ST. JOHN'S,"Same business number on federal grant records; the municipal council is the City."
merge,Province of Newfoundland and Labrador,Government of Newfoundland and Labrador,"Same business number on federal grant records; both name the provincial government."
merge,NEWFOUNDLAND EXCHEQUER ACCOUNT,Government of Newfoundland and Labrador,"The Exchequer Account is the provincial government's own account; federal transfer records also print it as Government of Newfoundland and Labrador Newfoundland Exchequer Account."
merge,GOVERNMENT OF NEWFOUNDLAND AND LABRADOR NEWFOUNDLAND EXCHEQUER ACCOUNT,Government of Newfoundland and Labrador,"Names the provincial government and its Exchequer Account."
apart,Pittman Enterprises Ltd.,Pittman's Enterprises Limited,"Close names in the same large rural postal area (A0K) with no record tying them together; may be two firms."
apart,A. Harvey & Co. Ltd.,Harvey & Co. Ltd.,"Different suppliers: A. Harvey & Co. supplies road salt and runs a marine base; Harvey & Co. sells vehicles (federal iZEV incentive reimbursements, a town snow plow)."
merge,The Roman Catholic Episcopal Corporation,Roman Catholic Episcopal Corporation of Grand Falls,"Federal grant records 141-2019-2020-Q1-13406 (Norris Arm) and 141-2021-2022-Q2-03025 (Baie Verte) print business-number root 107876468, as do the named Grand Falls records (for example 141-2020-2021-Q4-03187, Tilting). The generic name also normalizes to the St. John's records under root 107910176; the identity conflict guard must keep those apart. See docs/supplier-identity-audit.md."
