Former home recipient,Former combined reported numeric value,After provincial awards CAD,After federal contracts CAD,After federal grants CAD,After Paradise payments CAD
Government of Newfoundland and Labrador,1598545460.34,0.00,0.00,1598545460.34,0.00
Nunatsiavut Government,1228539521.18,0.00,442177.23,1228097343.95,0.00
Memorial University of Newfoundland,372390010.56,435602.08,12911871.09,359042537.39,0.00
INMARSAT SOLUTIONS (CANADA) INC./,311284431.36,0.00,311284431.36,0.00,0.00
Mushuau Innu First Nation,294478295.37,0.00,0.00,294478295.37,0.00
ROGERS CABLE COMMUNICATIONS INC.,267801364.28,0.00,267801364.28,0.00,0.00
SC2.0 Stepped Care Solutions Inc,255800839.35,0.00,255261335.35,539504.00,0.00
St. John's Dockyard,252102485.04,31632453.00,212584892.04,7885140.00,0.00
Miawpukek Band,247833388.10,0.00,0.00,247833388.10,0.00
Sheshatshiu Innu First Nation,227680101.60,0.00,0.00,227680101.60,0.00
