supplier_key,printed_name,before_records,after_records,record_change,before_included,after_included,included_change,before_excluded,after_excluded,excluded_change
barachois horizons senior club,Barachois Horizons Senior Club,1,0,-1,15125.00,0.00,-15125.00,0.00,0.00,0.00
barachois horizons seniors club,Barachois Horizons Seniors Club,2,3,1,43531.00,58656.00,15125.00,0.00,0.00,0.00
coleys point grace united community of faith,Coley's Point Grace United Community of Faith,2,0,-2,7437.00,0.00,-7437.00,0.00,0.00,0.00
coleys point grace united community of faith [bn 106777014],Coley's Point Grace United Community of Faith,0,1,1,0.00,3832.00,3832.00,0.00,0.00,0.00
coleys point grace united community of faith [bn 802373589],Coley's Point Grace United Community of Faith,0,1,1,0.00,3605.00,3605.00,0.00,0.00,0.00
dee jay charters,Dee Jay Charters,0,1,1,0.00,0.00,0.00,0.00,0.00,0.00
deejay charters,Deejay Charters Inc.,2,1,-1,11088.00,11088.00,0.00,0.00,0.00,0.00
governing council of salvation army,The Governing Council of The Salvation Army,35,0,-35,148117.00,0.00,-148117.00,0.00,0.00,0.00
governing council of salvation army [bn 107951618RR0038],The Governing Council of the Salvation Army,0,2,2,0.00,6041.00,6041.00,0.00,0.00,0.00
governing council of salvation army [bn 107951618RR0067],The Governing Council of The Salvation Army of Canada,0,10,10,0.00,40781.00,40781.00,0.00,0.00,0.00
governing council of salvation army [bn 107951618RR0077],The Governing Council of the salvation Army,0,9,9,0.00,37753.00,37753.00,0.00,0.00,0.00
governing council of salvation army [bn 107951618RR0089],The Governing Council of The Salvation Army,0,5,5,0.00,14697.00,14697.00,0.00,0.00,0.00
governing council of salvation army [bn 107951618RR0456],The Governing Council of The Salvation Army,0,2,2,0.00,7669.00,7669.00,0.00,0.00,0.00
governing council of salvation army [bn 107951618RR0510],The Governing Council of The Salvation Army,0,1,1,0.00,4808.00,4808.00,0.00,0.00,0.00
governing council of salvation army [bn 107951618],The Governing Council of the Salvation Army,0,3,3,0.00,26631.00,26631.00,0.00,0.00,0.00
governing council of salvation army in canada,The Governing Council of the Salvation Army in Canada,36,2,-34,456041.00,137124.00,-318917.00,0.00,0.00,0.00
governing council of salvation army in canada [bn 107951618RR0038],The Governing Council of The Salvation Army in Canada,0,6,6,0.00,61629.00,61629.00,0.00,0.00,0.00
governing council of salvation army in canada [bn 107951618RR0043],The Governing Council of The Salvation Army in Canada,0,1,1,0.00,4931.00,4931.00,0.00,0.00,0.00
governing council of salvation army in canada [bn 107951618RR0072],The Governing Council of the Salvation Army in Canada,0,1,1,0.00,4808.00,4808.00,0.00,0.00,0.00
governing council of salvation army in canada [bn 107951618RR0077],The Governing Council of The Salvation Army in Canada,0,2,2,0.00,10100.00,10100.00,0.00,0.00,0.00
governing council of salvation army in canada [bn 107951618RR0088],The Governing Council of The Salvation Army in Canada,0,1,1,0.00,3236.00,3236.00,0.00,0.00,0.00
governing council of salvation army in canada [bn 107951618RR0089],The Governing Council of The Salvation Army in Canada,0,1,1,0.00,4383.00,4383.00,0.00,0.00,0.00
governing council of salvation army in canada [bn 107951618RR0093],The Governing Council of The Salvation Army in Canada,0,1,1,0.00,4055.00,4055.00,0.00,0.00,0.00
governing council of salvation army in canada [bn 107951618RR0127],The Governing Council of The Salvation Army in Canada,0,1,1,0.00,3973.00,3973.00,0.00,0.00,0.00
governing council of salvation army in canada [bn 107951618RR0457],The Governing Council of The Salvation Army in Canada,0,3,3,0.00,14733.00,14733.00,0.00,0.00,0.00
governing council of salvation army in canada [bn 107951618],The Governing Council of The Salvation Army in Canada,0,17,17,0.00,207069.00,207069.00,0.00,0.00,0.00
grand fall windsor community garden,Grand Falls-Windsor Community Garden,0,2,2,0.00,13472.00,13472.00,0.00,0.00,0.00
grand falls windsor community garden,Grand Falls-Windsor Community Garden Inc.,3,0,-3,17168.00,0.00,-17168.00,0.00,0.00,0.00
grand falls windsor community garden [bn 745282673],Grand Falls-Windsor Community Garden Inc.,0,1,1,0.00,3696.00,3696.00,0.00,0.00,0.00
hangout vr games cafe,The Hangout VR Games Cafe Inc,2,0,-2,8305.00,0.00,-8305.00,0.00,0.00,0.00
hangout vr games cafe [bn 719591000],The Hangout VR Games Cafe Inc,0,1,1,0.00,3802.00,3802.00,0.00,0.00,0.00
hangout vr games cafe [bn 787927078],The Hangout VR Games Cafe Inc,0,1,1,0.00,4503.00,4503.00,0.00,0.00,0.00
indigenous tourism cultural heritage association,Indigenous Tourism Cultural Heritage Association,1,0,-1,4633.00,0.00,-4633.00,0.00,0.00,0.00
indigenous tourism culture heritage association,Indigenous Tourism Cultural Heritage Association,1,2,1,9973.00,14606.00,4633.00,0.00,0.00,0.00
johnson geo centre,Johnson GEO CENTRE,2,0,-2,26120.00,0.00,-26120.00,0.00,0.00,0.00
johnson geo centre [bn 107690273RR0001],Johnson GEO CENTRE,0,1,1,0.00,8208.00,8208.00,0.00,0.00,0.00
johnson geo centre [bn 892350612RR0001],Johnson GEO CENTRE,0,1,1,0.00,17912.00,17912.00,0.00,0.00,0.00
local service district development committee,Local Service District Development Committee,9,0,-9,41538.00,0.00,-41538.00,0.00,0.00,0.00
local service district development committee [bn 865502488],Local Service District Development Committee,0,3,3,0.00,16081.00,16081.00,0.00,0.00,0.00
local service district development committee [bn 893006064],Local Service District Development Committee,0,6,6,0.00,25457.00,25457.00,0.00,0.00,0.00
memorial united church,Memorial United Church,6,0,-6,19891.00,0.00,-19891.00,0.00,0.00,0.00
memorial united church [bn 107690240],Memorial United Church,0,5,5,0.00,17061.00,17061.00,0.00,0.00,0.00
memorial united church [bn 888270592],Memorial United Church,0,1,1,0.00,2830.00,2830.00,0.00,0.00,0.00
ncs enterprise,NCS Enterprise Limited,2,3,1,3801.00,6428.00,2627.00,0.00,0.00,0.00
ncs enterprises,NCS Enterprises Ltd.,1,0,-1,2627.00,0.00,-2627.00,0.00,0.00,0.00
parish of hearts content,Parish of Heart's Content,2,0,-2,5987.00,0.00,-5987.00,0.00,0.00,0.00
parish of hearts content [bn 119229896RR0021],Parish of Heart's Content,0,1,1,0.00,2291.00,2291.00,0.00,0.00,0.00
parish of hearts content [bn 119229896RR0045],Parish of Heart's Content,0,1,1,0.00,3696.00,3696.00,0.00,0.00,0.00
roman catholic episcopal,Roman Catholic Episcopal Corporation of St. John's,13,0,-13,53172.00,0.00,-53172.00,0.00,0.00,0.00
roman catholic episcopal [bn 107910176],Roman Catholic Episcopal Corporation of St. John's,0,8,8,0.00,36723.00,36723.00,0.00,0.00,0.00
roman catholic episcopal of grand falls,Roman Catholic Episcopal Corporation of Grand Falls,10,15,5,86635.00,103084.00,16449.00,0.00,0.00,0.00
rowing newfoundland,Rowing Newfoundland,5,0,-5,65625.00,0.00,-65625.00,0.00,0.00,0.00
rowing newfoundland [bn 850574039],Rowing Newfoundland,0,4,4,0.00,56667.00,56667.00,0.00,0.00,0.00
rowing newfoundland [bn 893497479],Rowing Newfoundland,0,1,1,0.00,8958.00,8958.00,0.00,0.00,0.00
royal canadian legion,The Royal Canadian Legion,8,5,-3,38431.93,5637.93,-32794.00,0.00,0.00,0.00
royal canadian legion [bn 107930836],Royal Canadian Legion,0,2,2,0.00,27986.00,27986.00,0.00,0.00,0.00
royal canadian legion [bn 107933061],Royal Canadian Legion,0,1,1,0.00,4808.00,4808.00,0.00,0.00,0.00
salvation army,Salvation Army,10,1,-9,35297.72,87.72,-35210.00,0.00,0.00,0.00
salvation army [bn 107951618RR0089],The Salvation Army,0,1,1,0.00,4633.00,4633.00,0.00,0.00,0.00
salvation army [bn 107951618RR0434],The Salvation Army,0,5,5,0.00,18852.00,18852.00,0.00,0.00,0.00
salvation army [bn 107951618RR0441],The Salvation Army,0,1,1,0.00,4633.00,4633.00,0.00,0.00,0.00
salvation army [bn 107951618],The Salvation Army,0,2,2,0.00,7092.00,7092.00,0.00,0.00,0.00
salvation army governing council of canada,The Salvation Army Governing Council of Canada,0,3,3,0.00,9737.00,9737.00,0.00,0.00,0.00
salvation army heritage park temple corps,The Salvation Army Heritage Park Temple Corps,2,0,-2,9974.00,0.00,-9974.00,0.00,0.00,0.00
salvation army heritage park temple corps [bn 107951618RR0043],The Salvation Army Heritage Park Temple Corps,0,1,1,0.00,4987.00,4987.00,0.00,0.00,0.00
salvation army heritage park temple corps [bn 107951618RR0441],The Salvation Army Heritage Park Temple Corps,0,1,1,0.00,4987.00,4987.00,0.00,0.00,0.00
town of grand falls windsor,TOWN OF GRAND FALLS- WINDSOR,65,22,-43,35304910.32,15392415.35,-19912494.97,8557841.00,0.00,-8557841.00
town of grand falls windsor [bn 108126749],Town of Grand Falls-Windsor,0,42,42,0.00,19907741.97,19907741.97,0.00,8557841.00,8557841.00
town of grand falls windsor [bn 122184484],Town of Grand Falls- Windsor,0,1,1,0.00,4753.00,4753.00,0.00,0.00,0.00
town of hearts delight islington municipal library,Town of Heart's Delight-Islington Municipal Library,4,6,2,13258.00,17787.00,4529.00,0.00,0.00,0.00
town of hearts delight islington municpal library,Town of Heart's Delight Islington Municpal Library,2,0,-2,4529.00,0.00,-4529.00,0.00,0.00,0.00
united church of canada,The United Church of Canada,4,1,-3,45216.00,36885.00,-8331.00,0.00,0.00,0.00
united church of canada [bn 106777014],United Church of Canada,0,1,1,0.00,2291.00,2291.00,0.00,0.00,0.00
united church of canada [bn 872937693],United Church of Canada,0,2,2,0.00,6040.00,6040.00,0.00,0.00,0.00
