original_supplier_key,status,pieces,supplier_keys,reason,evidence
79726 newfoundland and labrador,rejoined,1,79726 newfoundland and labrador,identifier conflict alone is insufficient,
angler solutions,rejoined,1,angler solutions,identifier conflict alone is insufficient,
arnolds cove heritage foundation,rejoined,1,arnolds cove heritage foundation,identifier conflict alone is insufficient,
bauline community committee,rejoined,1,bauline community committee,identifier conflict alone is insufficient,
bluedrop performance learning,rejoined,1,bluedrop performance learning,identifier conflict alone is insufficient,
breakwater farm and market,rejoined,1,breakwater farm and market,identifier conflict alone is insufficient,
breathesuite,rejoined,1,breathesuite,identifier conflict alone is insufficient,
burgeo recreation commission,rejoined,1,burgeo recreation commission,identifier conflict alone is insufficient,
burin minor soccer parents association,rejoined,1,burin minor soccer parents association,identifier conflict alone is insufficient,
burin peninsula health care foundation,rejoined,1,burin peninsula health care foundation,identifier conflict alone is insufficient,
city of corner brook,rejoined,1,city of corner brook,identifier conflict alone is insufficient,
coleys point grace united community of faith,split,2,coleys point grace united community of faith [bn 106777014]; coleys point grace united community of faith [bn 802373589],conflicting identifiers and disjoint postal evidence,"[{""a"": ""coleys point grace united community of faith [bn 106777014]"", ""a_evidence"": {""anchors"": [], ""identity"": ""106777014"", ""localities"": [""coleys point""], ""name_key"": ""coleys point grace united community of faith"", ""postal_codes"": [""A0A3C0""]}, ""b"": ""coleys point grace united community of faith [bn 802373589]"", ""b_evidence"": {""anchors"": [], ""identity"": ""802373589"", ""localities"": [""coleys point""], ""name_key"": ""coleys point grace united community of faith"", ""postal_codes"": [""A0A1X0""]}, ""reason"": ""conflicting identifiers and disjoint postal evidence""}]"
coleys point grace united pastoral charge,rejoined,1,coleys point grace united pastoral charge,identifier conflict alone is insufficient,
come by chance recreation commission,rejoined,1,come by chance recreation commission,identifier conflict alone is insufficient,
conception bay south main street business improvement association,rejoined,1,conception bay south main street business improvement association,identifier conflict alone is insufficient,
conche recreation committee,rejoined,1,conche recreation committee,identifier conflict alone is insufficient,
deejay charters,split,2,dee jay charters; deejay charters,conflicting identifiers and disjoint postal evidence,"[{""a"": ""dee jay charters"", ""a_evidence"": {""anchors"": [], ""identity"": ""890090541"", ""localities"": [""st johns""], ""name_key"": ""dee jay charters"", ""postal_codes"": [""A1A2Z9""]}, ""b"": ""deejay charters"", ""b_evidence"": {""anchors"": [], ""identity"": ""744218512"", ""localities"": [""st johns""], ""name_key"": ""deejay charters"", ""postal_codes"": [""A1B4G8""]}, ""reason"": ""conflicting identifiers and disjoint postal evidence""}]"
eastern destination management organization,rejoined,1,eastern destination management organization,identifier conflict alone is insufficient,
eastern gate church,rejoined,1,eastern gate church,identifier conflict alone is insufficient,
federation des parents francophones de terre neuve et du labrador,rejoined,1,federation des parents francophones de terre neuve et du labrador,identifier conflict alone is insufficient,
flat bay band,rejoined,1,flat bay band,identifier conflict alone is insufficient,
gander and area spca,rejoined,1,gander and area spca,identifier conflict alone is insufficient,
glynmill inn,rejoined,1,glynmill inn,identifier conflict alone is insufficient,
governing council of salvation army,split,8,governing council of salvation army [bn 107951618RR0038]; governing council of salvation army [bn 107951618RR0067]; governing council of salvation army [bn 107951618RR0077]; governing council of salvation army [bn 107951618RR0089]; governing council of salvation army [bn 107951618RR0456]; governing council of salvation army [bn 107951618RR0510]; governing council of salvation army [bn 107951618]; salvation army governing council of canada,conflicting identifiers and disjoint postal evidence,"[{""a"": ""governing council of salvation army [bn 107951618RR0038]"", ""a_evidence"": {""anchors"": [], ""identity"": ""107951618RR0038"", ""localities"": [""st johns""], ""name_key"": ""governing council of salvation army"", ""postal_codes"": [""A1C0A4""]}, ""b"": ""governing council of salvation army [bn 107951618RR0067]"", ""b_evidence"": {""anchors"": [], ""identity"": ""107951618RR0067"", ""localities"": [""roberts arm""], ""name_key"": ""governing council of salvation army canada"", ""postal_codes"": [""A0J1R0""]}, ""reason"": ""conflicting identifiers and disjoint postal evidence""}, {""a"": ""governing council of salvation army [bn 107951618RR0038]"", ""a_evidence"": {""anchors"": [], ""identity"": ""107951618RR0038"", ""localities"": [""st johns""], ""name_key"": ""governing council of salvation army"", ""postal_codes"": [""A1C0A4""]}, ""b"": ""governing council of salvation army [bn 107951618RR0067]"", ""b_evidence"": {""anchors"": [], ""identity"": ""107951618RR0067"", ""localities"": [""roberts arm""], ""name_key"": ""governing council of salvation army"", ""postal_codes"": [""A0J1R0""]}, ""reason"": ""conflicting identifiers and disjoint postal evidence""}, {""a"": ""governing council of salvation army [bn 107951618RR0038]"", ""a_evidence"": {""anchors"": [], ""identity"": ""107951618RR0038"", ""localities"": [""st johns""], ""name_key"": ""governing council of salvation army"", ""postal_codes"": [""A1C0A4""]}, ""b"": ""governing council of salvation army [bn 107951618RR0077]"", ""b_evidence"": {""anchors"": [], ""identity"": ""107951618RR0077"", ""localities"": [""corner brook""], ""name_key"": ""governing council of salvation amry"", ""postal_codes"": [""A2H6J3"", ""A2H7J5""]}, ""reason"": ""conflicting identifiers and disjoint postal evidence""}, {""a"": ""governing council of salvation army [bn 107951618RR0038]"", ""a_evidence"": {""anchors"": [], ""identity"": ""107951618RR0038"", ""localities"": [""st johns""], ""name_key"": ""governing council of salvation army"", ""postal_codes"": [""A1C0A4""]}, ""b"": ""governing council of salvation army [bn 107951618RR0077]"", ""b_evidence"": {""anchors"": [], ""identity"": ""107951618RR0077"", ""localities"": [""corner brook""], ""name_key"": ""governing council of salvation army"", ""postal_codes"": [""A2H6J3"", ""A2H7J5""]}, ""reason"": ""conflicting identifiers and disjoint postal evidence""}, {""a"": ""governing council of salvation army [bn 107951618RR0038]"", ""a_evidence"": {""anchors"": [], ""identity"": ""107951618RR0038"", ""localities"": [""st johns""], ""name_key"": ""governing council of salvation army"", ""postal_codes"": [""A1C0A4""]}, ""b"": ""governing council of salvation army [bn 107951618RR0089]"", ""b_evidence"": {""anchors"": [], ""identity"": ""107951618RR0089"", ""localities"": [""grand bank""], ""name_key"": ""governing council of salvation army"", ""postal_codes"": [""A0E1W0""]}, ""reason"": ""conflicting identifiers and disjoint postal evidence""}, {""a"": ""governing council of salvation army [bn 107951618RR0038]"", ""a_evidence"": {""anchors"": [], ""identity"": ""107951618RR0038"", ""localities"": [""st johns""], ""name_key"": ""governing council of salvation army"", ""postal_codes"": [""A1C0A4""]}, ""b"": ""governing council of salvation army [bn 107951618RR0456]"", ""b_evidence"": {""anchors"": [], ""identity"": ""107951618RR0456"", ""localities"": [""arnolds cove""], ""name_key"": ""governing council of salvation army"", ""postal_codes"": [""A0B1A0""]}, ""reason"": ""conflicting identifiers and disjoint postal evidence""}, {""a"": ""governing council of salvation army [bn 107951618RR0038]"", ""a_evidence"": {""anchors"": [], ""identity"": ""107951618RR0038"", ""localities"": [""st johns""], ""name_key"": ""governing council of salvation army"", ""postal_codes"": [""A1C0A4""]}, ""b"": ""governing council of salvation army [bn 107951618RR0510]"", ""b_evidence"": {""anchors"": [], ""identity"": ""107951618RR0510"", ""localities"": [""grand falls windsor""], ""name_key"": ""governing council of salvation army"", ""postal_codes"": [""A2A1A9""]}, ""reason"": ""conflicting identifiers and disjoint postal evidence""}, {""a"": ""governing council of salvation army [bn 107951618RR0038]"", ""a_evidence"": {""anchors"": [], ""identity"": ""107951618RR0038"", ""localities"": [""st johns""], ""name_key"": ""governing council of salvation army"", ""postal_codes"": [""A1C0A4""]}, ""b"": ""governing council of salvation army [bn 107951618]"", ""b_evidence"": {""anchors"": [], ""identity"": ""107951618RR0441"", ""localities"": [""deer lake""], ""name_key"": ""governing council salvation army of canada"", ""postal_codes"": [""A8A1E1""]}, ""reason"": ""conflicting identifiers and disjoint postal evidence""}, {""a"": ""governing council of salvation army [bn 107951618RR0038]"", ""a_evidence"": {""anchors"": [], ""identity"": ""107951618RR0038"", ""localities"": [""st johns""], ""name_key"": ""governing council of salvation army"", ""postal_codes"": [""A1C0A4""]}, ""b"": ""salvation army governing council of canada"", ""b_evidence"": {""anchors"": [], ""identity"": ""107951618RR0078"", ""localities"": [""grand bay east"", ""grand bay westfield""], ""name_key"": ""salvation army governing council of canada"", ""postal_codes"": [""A0N1K0""]}, ""reason"": ""conflicting identifiers and disjoint postal evidence""}, {""a"": ""governing council of salvation army [bn 107951618RR0067]"", ""a_evidence"": {""anchors"": [], ""identity"": ""107951618RR0067"", ""localities"": [""roberts arm""], ""name_key"": ""governing council of salvation army canada"", ""postal_codes"": [""A0J1R0""]}, ""b"": ""governing council of salvation army [bn 107951618RR0077]"", ""b_evidence"": {""anchors"": [], ""identity"": ""107951618RR0077"", ""localities"": [""corner brook""], ""name_key"": ""governing council of salvation amry"", ""postal_codes"": [""A2H6J3"", ""A2H7J5""]}, ""reason"": ""conflicting identifiers and disjoint postal evidence""}, {""a"": ""governing council of salvation army [bn 107951618RR0067]"", ""a_evidence"": {""anchors"": [], ""identity"": ""107951618RR0067"", ""localities"": [""roberts arm""], ""name_key"": ""governing council of salvation army canada"", ""postal_codes"": [""A0J1R0""]}, ""b"": ""governing council of salvation army [bn 107951618RR0077]"", ""b_evidence"": {""anchors"": [], ""identity"": ""107951618RR0077"", ""localities"": [""corner brook""], ""name_key"": ""governing council of salvation army"", ""postal_codes"": [""A2H6J3"", ""A2H7J5""]}, ""reason"": ""conflicting identifiers and disjoint postal evidence""}, {""a"": ""governing council of salvation army [bn 107951618RR0067]"", ""a_evidence"": {""anchors"": [], ""identity"": ""107951618RR0067"", ""localities"": [""roberts arm""], ""name_key"": ""governing council of salvation army"", ""postal_codes"": [""A0J1R0""]}, ""b"": ""governing council of salvation army [bn 107951618RR0077]"", ""b_evidence"": {""anchors"": [], ""identity"": ""107951618RR0077"", ""localities"": [""corner brook""], ""name_key"": ""governing council of salvation amry"", ""postal_codes"": [""A2H6J3"", ""A2H7J5""]}, ""reason"": ""conflicting identifiers and disjoint postal evidence""}, {""a"": ""governing council of salvation army [bn 107951618RR0067]"", ""a_evidence"": {""anchors"": [], ""identity"": ""107951618RR0067"", ""localities"": [""roberts arm""], ""name_key"": ""governing council of salvation army"", ""postal_codes"": [""A0J1R0""]}, ""b"": ""governing council of salvation army [bn 107951618RR0077]"", ""b_evidence"": {""anchors"": [], ""identity"": ""107951618RR0077"", ""localities"": [""corner brook""], ""name_key"": ""governing council of salvation army"", ""postal_codes"": [""A2H6J3"", ""A2H7J5""]}, ""reason"": ""conflicting identifiers and disjoint postal evidence""}, {""a"": ""governing council of salvation army [bn 107951618RR0067]"", ""a_evidence"": {""anchors"": [], ""identity"": ""107951618RR0067"", ""localities"": [""roberts arm""], ""name_key"": ""governing council of salvation army canada"", ""postal_codes"": [""A0J1R0""]}, ""b"": ""governing council of salvation army [bn 107951618RR0089]"", ""b_evidence"": {""anchors"": [], ""identity"": ""107951618RR0089"", ""localities"": [""grand bank""], ""name_key"": ""governing council of salvation army"", ""postal_codes"": [""A0E1W0""]}, ""reason"": ""conflicting identifiers and disjoint postal evidence""}, {""a"": ""governing council of salvation army [bn 107951618RR0067]"", ""a_evidence"": {""anchors"": [], ""identity"": ""107951618RR0067"", ""localities"": [""roberts arm""], ""name_key"": ""governing council of salvation army"", ""postal_codes"": [""A0J1R0""]}, ""b"": ""governing council of salvation army [bn 107951618RR0089]"", ""b_evidence"": {""anchors"": [], ""identity"": ""107951618RR0089"", ""localities"": [""grand bank""], ""name_key"": ""governing council of salvation army"", ""postal_codes"": [""A0E1W0""]}, ""reason"": ""conflicting identifiers and disjoint postal evidence""}, {""a"": ""governing council of salvation army [bn 107951618RR0067]"", ""a_evidence"": {""anchors"": [], ""identity"": ""107951618RR0067"", ""localities"": [""roberts arm""], ""name_key"": ""governing council of salvation army canada"", ""postal_codes"": [""A0J1R0""]}, ""b"": ""governing council of salvation army [bn 107951618RR0456]"", ""b_evidence"": {""anchors"": [], ""identity"": ""107951618RR0456"", ""localities"": [""arnolds cove""], ""name_key"": ""governing council of salvation army"", ""postal_codes"": [""A0B1A0""]}, ""reason"": ""conflicting identifiers and disjoint postal evidence""}, {""a"": ""governing council of salvation army [bn 107951618RR0067]"", ""a_evidence"": {""anchors"": [], ""identity"": ""107951618RR0067"", ""localities"": [""roberts arm""], ""name_key"": ""governing council of salvation army"", ""postal_codes"": [""A0J1R0""]}, ""b"": ""governing council of salvation army [bn 107951618RR0456]"", ""b_evidence"": {""anchors"": [], ""identity"": ""107951618RR0456"", ""localities"": [""arnolds cove""], ""name_key"": ""governing council of salvation army"", ""postal_codes"": [""A0B1A0""]}, ""reason"": ""conflicting identifiers and disjoint postal evidence""}, {""a"": ""governing council of salvation army [bn 107951618RR0067]"", ""a_evidence"": {""anchors"": [], ""identity"": ""107951618RR0067"", ""localities"": [""roberts arm""], ""name_key"": ""governing council of salvation army canada"", ""postal_codes"": [""A0J1R0""]}, ""b"": ""governing council of salvation army [bn 107951618RR0510]"", ""b_evidence"": {""anchors"": [], ""identity"": ""107951618RR0510"", ""localities"": [""grand falls windsor""], ""name_key"": ""governing council of salvation army"", ""postal_codes"": [""A2A1A9""]}, ""reason"": ""conflicting identifiers and disjoint postal evidence""}, {""a"": ""governing council of salvation army [bn 107951618RR0067]"", ""a_evidence"": {""anchors"": [], ""identity"": ""107951618RR0067"", ""localities"": [""roberts arm""], ""name_key"": ""governing council of salvation army"", ""postal_codes"": [""A0J1R0""]}, ""b"": ""governing council of salvation army [bn 107951618RR0510]"", ""b_evidence"": {""anchors"": [], ""identity"": ""107951618RR0510"", ""localities"": [""grand falls windsor""], ""name_key"": ""governing council of salvation army"", ""postal_codes"": [""A2A1A9""]}, ""reason"": ""conflicting identifiers and disjoint postal evidence""}, {""a"": ""governing council of salvation army [bn 107951618RR0067]"", ""a_evidence"": {""anchors"": [], ""identity"": ""107951618RR0067"", ""localities"": [""roberts arm""], ""name_key"": ""governing council of salvation army canada"", ""postal_codes"": [""A0J1R0""]}, ""b"": ""governing council of salvation army [bn 107951618]"", ""b_evidence"": {""anchors"": [], ""identity"": ""107951618RR0441"", ""localities"": [""deer lake""], ""name_key"": ""governing council salvation army of canada"", ""postal_codes"": [""A8A1E1""]}, ""reason"": ""conflicting identifiers and disjoint postal evidence""}, {""a"": ""governing council of salvation army [bn 107951618RR0067]"", ""a_evidence"": {""anchors"": [], ""identity"": ""107951618RR0067"", ""localities"": [""roberts arm""], ""name_key"": ""governing council of salvation army"", ""postal_codes"": [""A0J1R0""]}, ""b"": ""governing council of salvation army [bn 107951618]"", ""b_evidence"": {""anchors"": [], ""identity"": ""107951618RR0441"", ""localities"": [""deer lake""], ""name_key"": ""governing council salvation army of canada"", ""postal_codes"": [""A8A1E1""]}, ""reason"": ""conflicting identifiers and disjoint postal evidence""}, {""a"": ""governing council of salvation army [bn 107951618RR0067]"", ""a_evidence"": {""anchors"": [], ""identity"": ""107951618RR0067"", ""localities"": [""roberts arm""], ""name_key"": ""governing council of salvation army canada"", ""postal_codes"": [""A0J1R0""]}, ""b"": ""salvation army governing council of canada"", ""b_evidence"": {""anchors"": [], ""identity"": ""107951618RR0078"", ""localities"": [""grand bay east"", ""grand bay westfield""], ""name_key"": ""salvation army governing council of canada"", ""postal_codes"": [""A0N1K0""]}, ""reason"": ""conflicting identifiers and disjoint postal evidence""}, {""a"": ""governing council of salvation army [bn 107951618RR0067]"", ""a_evidence"": {""anchors"": [], ""identity"": ""107951618RR0067"", ""localities"": [""roberts arm""], ""name_key"": ""governing council of salvation army"", ""postal_codes"": [""A0J1R0""]}, ""b"": ""salvation army governing council of canada"", ""b_evidence"": {""anchors"": [], ""identity"": ""107951618RR0078"", ""localities"": [""grand bay east"", ""grand bay westfield""], ""name_key"": ""salvation army governing council of canada"", ""postal_codes"": [""A0N1K0""]}, ""reason"": ""conflicting identifiers and disjoint postal evidence""}, {""a"": ""governing council of salvation army [bn 107951618RR0077]"", ""a_evidence"": {""anchors"": [], ""identity"": ""107951618RR0077"", ""localities"": [""corner brook""], ""name_key"": ""governing council of salvation amry"", ""postal_codes"": [""A2H6J3"", ""A2H7J5""]}, ""b"": ""governing council of salvation army [bn 107951618RR0089]"", ""b_evidence"": {""anchors"": [], ""identity"": ""107951618RR0089"", ""localities"": [""grand bank""], ""name_key"": ""governing council of salvation army"", ""postal_codes"": [""A0E1W0""]}, ""reason"": ""conflicting identifiers and disjoint postal evidence""}, {""a"": ""governing council of salvation army [bn 107951618RR0077]"", ""a_evidence"": {""anchors"": [], ""identity"": ""107951618RR0077"", ""localities"": [""corner brook""], ""name_key"": ""governing council of salvation army"", ""postal_codes"": [""A2H6J3"", ""A2H7J5""]}, ""b"": ""governing council of salvation army [bn 107951618RR0089]"", ""b_evidence"": {""anchors"": [], ""identity"": ""107951618RR0089"", ""localities"": [""grand bank""], ""name_key"": ""governing council of salvation army"", ""postal_codes"": [""A0E1W0""]}, ""reason"": ""conflicting identifiers and disjoint postal evidence""}, {""a"": ""governing council of salvation army [bn 107951618RR0077]"", ""a_evidence"": {""anchors"": [], ""identity"": ""107951618RR0077"", ""localities"": [""corner brook""], ""name_key"": ""governing council of salvation amry"", ""postal_codes"": [""A2H6J3"", ""A2H7J5""]}, ""b"": ""governing council of salvation army [bn 107951618RR0456]"", ""b_evidence"": {""anchors"": [], ""identity"": ""107951618RR0456"", ""localities"": [""arnolds cove""], ""name_key"": ""governing council of salvation army"", ""postal_codes"": [""A0B1A0""]}, ""reason"": ""conflicting identifiers and disjoint postal evidence""}, {""a"": ""governing council of salvation army [bn 107951618RR0077]"", ""a_evidence"": {""anchors"": [], ""identity"": ""107951618RR0077"", ""localities"": [""corner brook""], ""name_key"": ""governing council of salvation army"", ""postal_codes"": [""A2H6J3"", ""A2H7J5""]}, ""b"": ""governing council of salvation army [bn 107951618RR0456]"", ""b_evidence"": {""anchors"": [], ""identity"": ""107951618RR0456"", ""localities"": [""arnolds cove""], ""name_key"": ""governing council of salvation army"", ""postal_codes"": [""A0B1A0""]}, ""reason"": ""conflicting identifiers and disjoint postal evidence""}, {""a"": ""governing council of salvation army [bn 107951618RR0077]"", ""a_evidence"": {""anchors"": [], ""identity"": ""107951618RR0077"", ""localities"": [""corner brook""], ""name_key"": ""governing council of salvation amry"", ""postal_codes"": [""A2H6J3"", ""A2H7J5""]}, ""b"": ""governing council of salvation army [bn 107951618RR0510]"", ""b_evidence"": {""anchors"": [], ""identity"": ""107951618RR0510"", ""localities"": [""grand falls windsor""], ""name_key"": ""governing council of salvation army"", ""postal_codes"": [""A2A1A9""]}, ""reason"": ""conflicting identifiers and disjoint postal evidence""}, {""a"": ""governing council of salvation army [bn 107951618RR0077]"", ""a_evidence"": {""anchors"": [], ""identity"": ""107951618RR0077"", ""localities"": [""corner brook""], ""name_key"": ""governing council of salvation army"", ""postal_codes"": [""A2H6J3"", ""A2H7J5""]}, ""b"": ""governing council of salvation army [bn 107951618RR0510]"", ""b_evidence"": {""anchors"": [], ""identity"": ""107951618RR0510"", ""localities"": [""grand falls windsor""], ""name_key"": ""governing council of salvation army"", ""postal_codes"": [""A2A1A9""]}, ""reason"": ""conflicting identifiers and disjoint postal evidence""}, {""a"": ""governing council of salvation army [bn 107951618RR0077]"", ""a_evidence"": {""anchors"": [], ""identity"": ""107951618RR0077"", ""localities"": [""corner brook""], ""name_key"": ""governing council of salvation amry"", ""postal_codes"": [""A2H6J3"", ""A2H7J5""]}, ""b"": ""governing council of salvation army [bn 107951618]"", ""b_evidence"": {""anchors"": [], ""identity"": ""107951618RR0441"", ""localities"": [""deer lake""], ""name_key"": ""governing council salvation army of canada"", ""postal_codes"": [""A8A1E1""]}, ""reason"": ""conflicting identifiers and disjoint postal evidence""}, {""a"": ""governing council of salvation army [bn 107951618RR0077]"", ""a_evidence"": {""anchors"": [], ""identity"": ""107951618RR0077"", ""localities"": [""corner brook""], ""name_key"": ""governing council of salvation army"", ""postal_codes"": [""A2H6J3"", ""A2H7J5""]}, ""b"": ""governing council of salvation army [bn 107951618]"", ""b_evidence"": {""anchors"": [], ""identity"": ""107951618RR0441"", ""localities"": [""deer lake""], ""name_key"": ""governing council salvation army of canada"", ""postal_codes"": [""A8A1E1""]}, ""reason"": ""conflicting identifiers and disjoint postal evidence""}, {""a"": ""governing council of salvation army [bn 107951618RR0077]"", ""a_evidence"": {""anchors"": [], ""identity"": ""107951618RR0077"", ""localities"": [""corner brook""], ""name_key"": ""governing council of salvation amry"", ""postal_codes"": [""A2H6J3"", ""A2H7J5""]}, ""b"": ""salvation army governing council of canada"", ""b_evidence"": {""anchors"": [], ""identity"": ""107951618RR0078"", ""localities"": [""grand bay east"", ""grand bay westfield""], ""name_key"": ""salvation army governing council of canada"", ""postal_codes"": [""A0N1K0""]}, ""reason"": ""conflicting identifiers and disjoint postal evidence""}, {""a"": ""governing council of salvation army [bn 107951618RR0077]"", ""a_evidence"": {""anchors"": [], ""identity"": ""107951618RR0077"", ""localities"": [""corner brook""], ""name_key"": ""governing council of salvation army"", ""postal_codes"": [""A2H6J3"", ""A2H7J5""]}, ""b"": ""salvation army governing council of canada"", ""b_evidence"": {""anchors"": [], ""identity"": ""107951618RR0078"", ""localities"": [""grand bay east"", ""grand bay westfield""], ""name_key"": ""salvation army governing council of canada"", ""postal_codes"": [""A0N1K0""]}, ""reason"": ""conflicting identifiers and disjoint postal evidence""}, {""a"": ""governing council of salvation army [bn 107951618RR0089]"", ""a_evidence"": {""anchors"": [], ""identity"": ""107951618RR0089"", ""localities"": [""grand bank""], ""name_key"": ""governing council of salvation army"", ""postal_codes"": [""A0E1W0""]}, ""b"": ""governing council of salvation army [bn 107951618RR0456]"", ""b_evidence"": {""anchors"": [], ""identity"": ""107951618RR0456"", ""localities"": [""arnolds cove""], ""name_key"": ""governing council of salvation army"", ""postal_codes"": [""A0B1A0""]}, ""reason"": ""conflicting identifiers and disjoint postal evidence""}, {""a"": ""governing council of salvation army [bn 107951618RR0089]"", ""a_evidence"": {""anchors"": [], ""identity"": ""107951618RR0089"", ""localities"": [""grand bank""], ""name_key"": ""governing council of salvation army"", ""postal_codes"": [""A0E1W0""]}, ""b"": ""governing council of salvation army [bn 107951618RR0510]"", ""b_evidence"": {""anchors"": [], ""identity"": ""107951618RR0510"", ""localities"": [""grand falls windsor""], ""name_key"": ""governing council of salvation army"", ""postal_codes"": [""A2A1A9""]}, ""reason"": ""conflicting identifiers and disjoint postal evidence""}, {""a"": ""governing council of salvation army [bn 107951618RR0089]"", ""a_evidence"": {""anchors"": [], ""identity"": ""107951618RR0089"", ""localities"": [""grand bank""], ""name_key"": ""governing council of salvation army"", ""postal_codes"": [""A0E1W0""]}, ""b"": ""governing council of salvation army [bn 107951618]"", ""b_evidence"": {""anchors"": [], ""identity"": ""107951618RR0441"", ""localities"": [""deer lake""], ""name_key"": ""governing council salvation army of canada"", ""postal_codes"": [""A8A1E1""]}, ""reason"": ""conflicting identifiers and disjoint postal evidence""}, {""a"": ""governing council of salvation army [bn 107951618RR0089]"", ""a_evidence"": {""anchors"": [], ""identity"": ""107951618RR0089"", ""localities"": [""grand bank""], ""name_key"": ""governing council of salvation army"", ""postal_codes"": [""A0E1W0""]}, ""b"": ""salvation army governing council of canada"", ""b_evidence"": {""anchors"": [], ""identity"": ""107951618RR0078"", ""localities"": [""grand bay east"", ""grand bay westfield""], ""name_key"": ""salvation army governing council of canada"", ""postal_codes"": [""A0N1K0""]}, ""reason"": ""conflicting identifiers and disjoint postal evidence""}, {""a"": ""governing council of salvation army [bn 107951618RR0456]"", ""a_evidence"": {""anchors"": [], ""identity"": ""107951618RR0456"", ""localities"": [""arnolds cove""], ""name_key"": ""governing council of salvation army"", ""postal_codes"": [""A0B1A0""]}, ""b"": ""governing council of salvation army [bn 107951618RR0510]"", ""b_evidence"": {""anchors"": [], ""identity"": ""107951618RR0510"", ""localities"": [""grand falls windsor""], ""name_key"": ""governing council of salvation army"", ""postal_codes"": [""A2A1A9""]}, ""reason"": ""conflicting identifiers and disjoint postal evidence""}, {""a"": ""governing council of salvation army [bn 107951618RR0456]"", ""a_evidence"": {""anchors"": [], ""identity"": ""107951618RR0456"", ""localities"": [""arnolds cove""], ""name_key"": ""governing council of salvation army"", ""postal_codes"": [""A0B1A0""]}, ""b"": ""governing council of salvation army [bn 107951618]"", ""b_evidence"": {""anchors"": [], ""identity"": ""107951618RR0441"", ""localities"": [""deer lake""], ""name_key"": ""governing council salvation army of canada"", ""postal_codes"": [""A8A1E1""]}, ""reason"": ""conflicting identifiers and disjoint postal evidence""}, {""a"": ""governing council of salvation army [bn 107951618RR0456]"", ""a_evidence"": {""anchors"": [], ""identity"": ""107951618RR0456"", ""localities"": [""arnolds cove""], ""name_key"": ""governing council of salvation army"", ""postal_codes"": [""A0B1A0""]}, ""b"": ""salvation army governing council of canada"", ""b_evidence"": {""anchors"": [], ""identity"": ""107951618RR0078"", ""localities"": [""grand bay east"", ""grand bay westfield""], ""name_key"": ""salvation army governing council of canada"", ""postal_codes"": [""A0N1K0""]}, ""reason"": ""conflicting identifiers and disjoint postal evidence""}, {""a"": ""governing council of salvation army [bn 107951618RR0510]"", ""a_evidence"": {""anchors"": [], ""identity"": ""107951618RR0510"", ""localities"": [""grand falls windsor""], ""name_key"": ""governing council of salvation army"", ""postal_codes"": [""A2A1A9""]}, ""b"": ""governing council of salvation army [bn 107951618]"", ""b_evidence"": {""anchors"": [], ""identity"": ""107951618RR0441"", ""localities"": [""deer lake""], ""name_key"": ""governing council salvation army of canada"", ""postal_codes"": [""A8A1E1""]}, ""reason"": ""conflicting identifiers and disjoint postal evidence""}, {""a"": ""governing council of salvation army [bn 107951618RR0510]"", ""a_evidence"": {""anchors"": [], ""identity"": ""107951618RR0510"", ""localities"": [""grand falls windsor""], ""name_key"": ""governing council of salvation army"", ""postal_codes"": [""A2A1A9""]}, ""b"": ""salvation army governing council of canada"", ""b_evidence"": {""anchors"": [], ""identity"": ""107951618RR0078"", ""localities"": [""grand bay east"", ""grand bay westfield""], ""name_key"": ""salvation army governing council of canada"", ""postal_codes"": [""A0N1K0""]}, ""reason"": ""conflicting identifiers and disjoint postal evidence""}, {""a"": ""governing council of salvation army [bn 107951618]"", ""a_evidence"": {""anchors"": [], ""identity"": ""107951618RR0441"", ""localities"": [""deer lake""], ""name_key"": ""governing council salvation army of canada"", ""postal_codes"": [""A8A1E1""]}, ""b"": ""salvation army governing council of canada"", ""b_evidence"": {""anchors"": [], ""identity"": ""107951618RR0078"", ""localities"": [""grand bay east"", ""grand bay westfield""], ""name_key"": ""salvation army governing council of canada"", ""postal_codes"": [""A0N1K0""]}, ""reason"": ""conflicting identifiers and disjoint postal evidence""}]"
governing council of salvation army in canada,split,11,governing council of salvation army in canada; governing council of salvation army in canada [bn 107951618RR0038]; governing council of salvation army in canada [bn 107951618RR0043]; governing council of salvation army in canada [bn 107951618RR0072]; governing council of salvation army in canada [bn 107951618RR0077]; governing council of salvation army in canada [bn 107951618RR0088]; governing council of salvation army in canada [bn 107951618RR0089]; governing council of salvation army in canada [bn 107951618RR0093]; governing council of salvation army in canada [bn 107951618RR0127]; governing council of salvation army in canada [bn 107951618RR0457]; governing council of salvation army in canada [bn 107951618],conflicting identifiers and disjoint postal evidence,"[{""a"": ""governing council of salvation army in canada [bn 107951618RR0038]"", ""a_evidence"": {""anchors"": [], ""identity"": ""107951618RR0038"", ""localities"": [""st johns""], ""name_key"": ""governing council of salvation army in canada"", ""postal_codes"": [""A1C0A4"", ""A1E2R1""]}, ""b"": ""governing council of salvation army in canada [bn 107951618RR0043]"", ""b_evidence"": {""anchors"": [], ""identity"": ""107951618RR0043"", ""localities"": [""arnolds cove""], ""name_key"": ""governing council of salvation army in canada"", ""postal_codes"": [""A0B1A0""]}, ""reason"": ""conflicting identifiers and disjoint postal evidence""}, {""a"": ""governing council of salvation army in canada [bn 107951618RR0038]"", ""a_evidence"": {""anchors"": [], ""identity"": ""107951618RR0038"", ""localities"": [""st johns""], ""name_key"": ""governing council of salvation army in canada"", ""postal_codes"": [""A1C0A4"", ""A1E2R1""]}, ""b"": ""governing council of salvation army in canada [bn 107951618RR0072]"", ""b_evidence"": {""anchors"": [], ""identity"": ""107951618RR0072"", ""localities"": [""clarenville""], ""name_key"": ""governing council of salvation army in canada"", ""postal_codes"": [""A5A4C4""]}, ""reason"": ""conflicting identifiers and disjoint postal evidence""}, {""a"": ""governing council of salvation army in canada [bn 107951618RR0038]"", ""a_evidence"": {""anchors"": [], ""identity"": ""107951618RR0038"", ""localities"": [""st johns""], ""name_key"": ""governing council of salvation army in canada"", ""postal_codes"": [""A1C0A4"", ""A1E2R1""]}, ""b"": ""governing council of salvation army in canada [bn 107951618RR0077]"", ""b_evidence"": {""anchors"": [], ""identity"": ""107951618RR0077"", ""localities"": [""corner brook""], ""name_key"": ""governing council of salvation army in canada"", ""postal_codes"": [""A2H4B4""]}, ""reason"": ""conflicting identifiers and disjoint postal evidence""}, {""a"": ""governing council of salvation army in canada [bn 107951618RR0038]"", ""a_evidence"": {""anchors"": [], ""identity"": ""107951618RR0038"", ""localities"": [""st johns""], ""name_key"": ""governing council of salvation army in canada"", ""postal_codes"": [""A1C0A4"", ""A1E2R1""]}, ""b"": ""governing council of salvation army in canada [bn 107951618RR0088]"", ""b_evidence"": {""anchors"": [], ""identity"": ""107951618RR0088"", ""localities"": [""grand falls windsor""], ""name_key"": ""governing council of salvation army in canada"", ""postal_codes"": [""A2A2J3""]}, ""reason"": ""conflicting identifiers and disjoint postal evidence""}, {""a"": ""governing council of salvation army in canada [bn 107951618RR0038]"", ""a_evidence"": {""anchors"": [], ""identity"": ""107951618RR0038"", ""localities"": [""st johns""], ""name_key"": ""governing council of salvation army in canada"", ""postal_codes"": [""A1C0A4"", ""A1E2R1""]}, ""b"": ""governing council of salvation army in canada [bn 107951618RR0089]"", ""b_evidence"": {""anchors"": [], ""identity"": ""107951618RR0089"", ""localities"": [""grand bank""], ""name_key"": ""governing council of salvation army in canada"", ""postal_codes"": [""A0E1W0""]}, ""reason"": ""conflicting identifiers and disjoint postal evidence""}, {""a"": ""governing council of salvation army in canada [bn 107951618RR0038]"", ""a_evidence"": {""anchors"": [], ""identity"": ""107951618RR0038"", ""localities"": [""st johns""], ""name_key"": ""governing council of salvation army in canada"", ""postal_codes"": [""A1C0A4"", ""A1E2R1""]}, ""b"": ""governing council of salvation army in canada [bn 107951618RR0093]"", ""b_evidence"": {""anchors"": [], ""identity"": ""107951618RR0093"", ""localities"": [""burin bay arm""], ""name_key"": ""governing council of salvation army in canada"", ""postal_codes"": [""A0E1G0""]}, ""reason"": ""conflicting identifiers and disjoint postal evidence""}, {""a"": ""governing council of salvation army in canada [bn 107951618RR0038]"", ""a_evidence"": {""anchors"": [], ""identity"": ""107951618RR0038"", ""localities"": [""st johns""], ""name_key"": ""governing council of salvation army in canada"", ""postal_codes"": [""A1C0A4"", ""A1E2R1""]}, ""b"": ""governing council of salvation army in canada [bn 107951618RR0127]"", ""b_evidence"": {""anchors"": [], ""identity"": ""107951618RR0127"", ""localities"": [""stephenville""], ""name_key"": ""governing council of salvation army in canada"", ""postal_codes"": [""A2N3A3""]}, ""reason"": ""conflicting identifiers and disjoint postal evidence""}, {""a"": ""governing council of salvation army in canada [bn 107951618RR0038]"", ""a_evidence"": {""anchors"": [], ""identity"": ""107951618RR0038"", ""localities"": [""st johns""], ""name_key"": ""governing council of salvation army in canada"", ""postal_codes"": [""A1C0A4"", ""A1E2R1""]}, ""b"": ""governing council of salvation army in canada [bn 107951618RR0457]"", ""b_evidence"": {""anchors"": [], ""identity"": ""107951618RR0457"", ""localities"": [""mount pearl""], ""name_key"": ""governing council of salvation army in canada"", ""postal_codes"": [""A1N1G5"", ""A1N2C4""]}, ""reason"": ""conflicting identifiers and disjoint postal evidence""}, {""a"": ""governing council of salvation army in canada [bn 107951618RR0043]"", ""a_evidence"": {""anchors"": [], ""identity"": ""107951618RR0043"", ""localities"": [""arnolds cove""], ""name_key"": ""governing council of salvation army in canada"", ""postal_codes"": [""A0B1A0""]}, ""b"": ""governing council of salvation army in canada [bn 107951618RR0072]"", ""b_evidence"": {""anchors"": [], ""identity"": ""107951618RR0072"", ""localities"": [""clarenville""], ""name_key"": ""governing council of salvation army in canada"", ""postal_codes"": [""A5A4C4""]}, ""reason"": ""conflicting identifiers and disjoint postal evidence""}, {""a"": ""governing council of salvation army in canada [bn 107951618RR0043]"", ""a_evidence"": {""anchors"": [], ""identity"": ""107951618RR0043"", ""localities"": [""arnolds cove""], ""name_key"": ""governing council of salvation army in canada"", ""postal_codes"": [""A0B1A0""]}, ""b"": ""governing council of salvation army in canada [bn 107951618RR0077]"", ""b_evidence"": {""anchors"": [], ""identity"": ""107951618RR0077"", ""localities"": [""corner brook""], ""name_key"": ""governing council of salvation army in canada"", ""postal_codes"": [""A2H4B4""]}, ""reason"": ""conflicting identifiers and disjoint postal evidence""}, {""a"": ""governing council of salvation army in canada [bn 107951618RR0043]"", ""a_evidence"": {""anchors"": [], ""identity"": ""107951618RR0043"", ""localities"": [""arnolds cove""], ""name_key"": ""governing council of salvation army in canada"", ""postal_codes"": [""A0B1A0""]}, ""b"": ""governing council of salvation army in canada [bn 107951618RR0088]"", ""b_evidence"": {""anchors"": [], ""identity"": ""107951618RR0088"", ""localities"": [""grand falls windsor""], ""name_key"": ""governing council of salvation army in canada"", ""postal_codes"": [""A2A2J3""]}, ""reason"": ""conflicting identifiers and disjoint postal evidence""}, {""a"": ""governing council of salvation army in canada [bn 107951618RR0043]"", ""a_evidence"": {""anchors"": [], ""identity"": ""107951618RR0043"", ""localities"": [""arnolds cove""], ""name_key"": ""governing council of salvation army in canada"", ""postal_codes"": [""A0B1A0""]}, ""b"": ""governing council of salvation army in canada [bn 107951618RR0089]"", ""b_evidence"": {""anchors"": [], ""identity"": ""107951618RR0089"", ""localities"": [""grand bank""], ""name_key"": ""governing council of salvation army in canada"", ""postal_codes"": [""A0E1W0""]}, ""reason"": ""conflicting identifiers and disjoint postal evidence""}, {""a"": ""governing council of salvation army in canada [bn 107951618RR0043]"", ""a_evidence"": {""anchors"": [], ""identity"": ""107951618RR0043"", ""localities"": [""arnolds cove""], ""name_key"": ""governing council of salvation army in canada"", ""postal_codes"": [""A0B1A0""]}, ""b"": ""governing council of salvation army in canada [bn 107951618RR0093]"", ""b_evidence"": {""anchors"": [], ""identity"": ""107951618RR0093"", ""localities"": [""burin bay arm""], ""name_key"": ""governing council of salvation army in canada"", ""postal_codes"": [""A0E1G0""]}, ""reason"": ""conflicting identifiers and disjoint postal evidence""}, {""a"": ""governing council of salvation army in canada [bn 107951618RR0043]"", ""a_evidence"": {""anchors"": [], ""identity"": ""107951618RR0043"", ""localities"": [""arnolds cove""], ""name_key"": ""governing council of salvation army in canada"", ""postal_codes"": [""A0B1A0""]}, ""b"": ""governing council of salvation army in canada [bn 107951618RR0127]"", ""b_evidence"": {""anchors"": [], ""identity"": ""107951618RR0127"", ""localities"": [""stephenville""], ""name_key"": ""governing council of salvation army in canada"", ""postal_codes"": [""A2N3A3""]}, ""reason"": ""conflicting identifiers and disjoint postal evidence""}, {""a"": ""governing council of salvation army in canada [bn 107951618RR0043]"", ""a_evidence"": {""anchors"": [], ""identity"": ""107951618RR0043"", ""localities"": [""arnolds cove""], ""name_key"": ""governing council of salvation army in canada"", ""postal_codes"": [""A0B1A0""]}, ""b"": ""governing council of salvation army in canada [bn 107951618RR0457]"", ""b_evidence"": {""anchors"": [], ""identity"": ""107951618RR0457"", ""localities"": [""mount pearl""], ""name_key"": ""governing council of salvation army in canada"", ""postal_codes"": [""A1N1G5"", ""A1N2C4""]}, ""reason"": ""conflicting identifiers and disjoint postal evidence""}, {""a"": ""governing council of salvation army in canada [bn 107951618RR0072]"", ""a_evidence"": {""anchors"": [], ""identity"": ""107951618RR0072"", ""localities"": [""clarenville""], ""name_key"": ""governing council of salvation army in canada"", ""postal_codes"": [""A5A4C4""]}, ""b"": ""governing council of salvation army in canada [bn 107951618RR0077]"", ""b_evidence"": {""anchors"": [], ""identity"": ""107951618RR0077"", ""localities"": [""corner brook""], ""name_key"": ""governing council of salvation army in canada"", ""postal_codes"": [""A2H4B4""]}, ""reason"": ""conflicting identifiers and disjoint postal evidence""}, {""a"": ""governing council of salvation army in canada [bn 107951618RR0072]"", ""a_evidence"": {""anchors"": [], ""identity"": ""107951618RR0072"", ""localities"": [""clarenville""], ""name_key"": ""governing council of salvation army in canada"", ""postal_codes"": [""A5A4C4""]}, ""b"": ""governing council of salvation army in canada [bn 107951618RR0088]"", ""b_evidence"": {""anchors"": [], ""identity"": ""107951618RR0088"", ""localities"": [""grand falls windsor""], ""name_key"": ""governing council of salvation army in canada"", ""postal_codes"": [""A2A2J3""]}, ""reason"": ""conflicting identifiers and disjoint postal evidence""}, {""a"": ""governing council of salvation army in canada [bn 107951618RR0072]"", ""a_evidence"": {""anchors"": [], ""identity"": ""107951618RR0072"", ""localities"": [""clarenville""], ""name_key"": ""governing council of salvation army in canada"", ""postal_codes"": [""A5A4C4""]}, ""b"": ""governing council of salvation army in canada [bn 107951618RR0089]"", ""b_evidence"": {""anchors"": [], ""identity"": ""107951618RR0089"", ""localities"": [""grand bank""], ""name_key"": ""governing council of salvation army in canada"", ""postal_codes"": [""A0E1W0""]}, ""reason"": ""conflicting identifiers and disjoint postal evidence""}, {""a"": ""governing council of salvation army in canada [bn 107951618RR0072]"", ""a_evidence"": {""anchors"": [], ""identity"": ""107951618RR0072"", ""localities"": [""clarenville""], ""name_key"": ""governing council of salvation army in canada"", ""postal_codes"": [""A5A4C4""]}, ""b"": ""governing council of salvation army in canada [bn 107951618RR0093]"", ""b_evidence"": {""anchors"": [], ""identity"": ""107951618RR0093"", ""localities"": [""burin bay arm""], ""name_key"": ""governing council of salvation army in canada"", ""postal_codes"": [""A0E1G0""]}, ""reason"": ""conflicting identifiers and disjoint postal evidence""}, {""a"": ""governing council of salvation army in canada [bn 107951618RR0072]"", ""a_evidence"": {""anchors"": [], ""identity"": ""107951618RR0072"", ""localities"": [""clarenville""], ""name_key"": ""governing council of salvation army in canada"", ""postal_codes"": [""A5A4C4""]}, ""b"": ""governing council of salvation army in canada [bn 107951618RR0127]"", ""b_evidence"": {""anchors"": [], ""identity"": ""107951618RR0127"", ""localities"": [""stephenville""], ""name_key"": ""governing council of salvation army in canada"", ""postal_codes"": [""A2N3A3""]}, ""reason"": ""conflicting identifiers and disjoint postal evidence""}, {""a"": ""governing council of salvation army in canada [bn 107951618RR0072]"", ""a_evidence"": {""anchors"": [], ""identity"": ""107951618RR0072"", ""localities"": [""clarenville""], ""name_key"": ""governing council of salvation army in canada"", ""postal_codes"": [""A5A4C4""]}, ""b"": ""governing council of salvation army in canada [bn 107951618RR0457]"", ""b_evidence"": {""anchors"": [], ""identity"": ""107951618RR0457"", ""localities"": [""mount pearl""], ""name_key"": ""governing council of salvation army in canada"", ""postal_codes"": [""A1N1G5"", ""A1N2C4""]}, ""reason"": ""conflicting identifiers and disjoint postal evidence""}, {""a"": ""governing council of salvation army in canada [bn 107951618RR0077]"", ""a_evidence"": {""anchors"": [], ""identity"": ""107951618RR0077"", ""localities"": [""corner brook""], ""name_key"": ""governing council of salvation army in canada"", ""postal_codes"": [""A2H4B4""]}, ""b"": ""governing council of salvation army in canada [bn 107951618RR0088]"", ""b_evidence"": {""anchors"": [], ""identity"": ""107951618RR0088"", ""localities"": [""grand falls windsor""], ""name_key"": ""governing council of salvation army in canada"", ""postal_codes"": [""A2A2J3""]}, ""reason"": ""conflicting identifiers and disjoint postal evidence""}, {""a"": ""governing council of salvation army in canada [bn 107951618RR0077]"", ""a_evidence"": {""anchors"": [], ""identity"": ""107951618RR0077"", ""localities"": [""corner brook""], ""name_key"": ""governing council of salvation army in canada"", ""postal_codes"": [""A2H4B4""]}, ""b"": ""governing council of salvation army in canada [bn 107951618RR0089]"", ""b_evidence"": {""anchors"": [], ""identity"": ""107951618RR0089"", ""localities"": [""grand bank""], ""name_key"": ""governing council of salvation army in canada"", ""postal_codes"": [""A0E1W0""]}, ""reason"": ""conflicting identifiers and disjoint postal evidence""}, {""a"": ""governing council of salvation army in canada [bn 107951618RR0077]"", ""a_evidence"": {""anchors"": [], ""identity"": ""107951618RR0077"", ""localities"": [""corner brook""], ""name_key"": ""governing council of salvation army in canada"", ""postal_codes"": [""A2H4B4""]}, ""b"": ""governing council of salvation army in canada [bn 107951618RR0093]"", ""b_evidence"": {""anchors"": [], ""identity"": ""107951618RR0093"", ""localities"": [""burin bay arm""], ""name_key"": ""governing council of salvation army in canada"", ""postal_codes"": [""A0E1G0""]}, ""reason"": ""conflicting identifiers and disjoint postal evidence""}, {""a"": ""governing council of salvation army in canada [bn 107951618RR0077]"", ""a_evidence"": {""anchors"": [], ""identity"": ""107951618RR0077"", ""localities"": [""corner brook""], ""name_key"": ""governing council of salvation army in canada"", ""postal_codes"": [""A2H4B4""]}, ""b"": ""governing council of salvation army in canada [bn 107951618RR0127]"", ""b_evidence"": {""anchors"": [], ""identity"": ""107951618RR0127"", ""localities"": [""stephenville""], ""name_key"": ""governing council of salvation army in canada"", ""postal_codes"": [""A2N3A3""]}, ""reason"": ""conflicting identifiers and disjoint postal evidence""}, {""a"": ""governing council of salvation army in canada [bn 107951618RR0077]"", ""a_evidence"": {""anchors"": [], ""identity"": ""107951618RR0077"", ""localities"": [""corner brook""], ""name_key"": ""governing council of salvation army in canada"", ""postal_codes"": [""A2H4B4""]}, ""b"": ""governing council of salvation army in canada [bn 107951618RR0457]"", ""b_evidence"": {""anchors"": [], ""identity"": ""107951618RR0457"", ""localities"": [""mount pearl""], ""name_key"": ""governing council of salvation army in canada"", ""postal_codes"": [""A1N1G5"", ""A1N2C4""]}, ""reason"": ""conflicting identifiers and disjoint postal evidence""}, {""a"": ""governing council of salvation army in canada [bn 107951618RR0088]"", ""a_evidence"": {""anchors"": [], ""identity"": ""107951618RR0088"", ""localities"": [""grand falls windsor""], ""name_key"": ""governing council of salvation army in canada"", ""postal_codes"": [""A2A2J3""]}, ""b"": ""governing council of salvation army in canada [bn 107951618RR0089]"", ""b_evidence"": {""anchors"": [], ""identity"": ""107951618RR0089"", ""localities"": [""grand bank""], ""name_key"": ""governing council of salvation army in canada"", ""postal_codes"": [""A0E1W0""]}, ""reason"": ""conflicting identifiers and disjoint postal evidence""}, {""a"": ""governing council of salvation army in canada [bn 107951618RR0088]"", ""a_evidence"": {""anchors"": [], ""identity"": ""107951618RR0088"", ""localities"": [""grand falls windsor""], ""name_key"": ""governing council of salvation army in canada"", ""postal_codes"": [""A2A2J3""]}, ""b"": ""governing council of salvation army in canada [bn 107951618RR0093]"", ""b_evidence"": {""anchors"": [], ""identity"": ""107951618RR0093"", ""localities"": [""burin bay arm""], ""name_key"": ""governing council of salvation army in canada"", ""postal_codes"": [""A0E1G0""]}, ""reason"": ""conflicting identifiers and disjoint postal evidence""}, {""a"": ""governing council of salvation army in canada [bn 107951618RR0088]"", ""a_evidence"": {""anchors"": [], ""identity"": ""107951618RR0088"", ""localities"": [""grand falls windsor""], ""name_key"": ""governing council of salvation army in canada"", ""postal_codes"": [""A2A2J3""]}, ""b"": ""governing council of salvation army in canada [bn 107951618RR0127]"", ""b_evidence"": {""anchors"": [], ""identity"": ""107951618RR0127"", ""localities"": [""stephenville""], ""name_key"": ""governing council of salvation army in canada"", ""postal_codes"": [""A2N3A3""]}, ""reason"": ""conflicting identifiers and disjoint postal evidence""}, {""a"": ""governing council of salvation army in canada [bn 107951618RR0088]"", ""a_evidence"": {""anchors"": [], ""identity"": ""107951618RR0088"", ""localities"": [""grand falls windsor""], ""name_key"": ""governing council of salvation army in canada"", ""postal_codes"": [""A2A2J3""]}, ""b"": ""governing council of salvation army in canada [bn 107951618RR0457]"", ""b_evidence"": {""anchors"": [], ""identity"": ""107951618RR0457"", ""localities"": [""mount pearl""], ""name_key"": ""governing council of salvation army in canada"", ""postal_codes"": [""A1N1G5"", ""A1N2C4""]}, ""reason"": ""conflicting identifiers and disjoint postal evidence""}, {""a"": ""governing council of salvation army in canada [bn 107951618RR0089]"", ""a_evidence"": {""anchors"": [], ""identity"": ""107951618RR0089"", ""localities"": [""grand bank""], ""name_key"": ""governing council of salvation army in canada"", ""postal_codes"": [""A0E1W0""]}, ""b"": ""governing council of salvation army in canada [bn 107951618RR0093]"", ""b_evidence"": {""anchors"": [], ""identity"": ""107951618RR0093"", ""localities"": [""burin bay arm""], ""name_key"": ""governing council of salvation army in canada"", ""postal_codes"": [""A0E1G0""]}, ""reason"": ""conflicting identifiers and disjoint postal evidence""}, {""a"": ""governing council of salvation army in canada [bn 107951618RR0089]"", ""a_evidence"": {""anchors"": [], ""identity"": ""107951618RR0089"", ""localities"": [""grand bank""], ""name_key"": ""governing council of salvation army in canada"", ""postal_codes"": [""A0E1W0""]}, ""b"": ""governing council of salvation army in canada [bn 107951618RR0127]"", ""b_evidence"": {""anchors"": [], ""identity"": ""107951618RR0127"", ""localities"": [""stephenville""], ""name_key"": ""governing council of salvation army in canada"", ""postal_codes"": [""A2N3A3""]}, ""reason"": ""conflicting identifiers and disjoint postal evidence""}, {""a"": ""governing council of salvation army in canada [bn 107951618RR0089]"", ""a_evidence"": {""anchors"": [], ""identity"": ""107951618RR0089"", ""localities"": [""grand bank""], ""name_key"": ""governing council of salvation army in canada"", ""postal_codes"": [""A0E1W0""]}, ""b"": ""governing council of salvation army in canada [bn 107951618RR0457]"", ""b_evidence"": {""anchors"": [], ""identity"": ""107951618RR0457"", ""localities"": [""mount pearl""], ""name_key"": ""governing council of salvation army in canada"", ""postal_codes"": [""A1N1G5"", ""A1N2C4""]}, ""reason"": ""conflicting identifiers and disjoint postal evidence""}, {""a"": ""governing council of salvation army in canada [bn 107951618RR0093]"", ""a_evidence"": {""anchors"": [], ""identity"": ""107951618RR0093"", ""localities"": [""burin bay arm""], ""name_key"": ""governing council of salvation army in canada"", ""postal_codes"": [""A0E1G0""]}, ""b"": ""governing council of salvation army in canada [bn 107951618RR0127]"", ""b_evidence"": {""anchors"": [], ""identity"": ""107951618RR0127"", ""localities"": [""stephenville""], ""name_key"": ""governing council of salvation army in canada"", ""postal_codes"": [""A2N3A3""]}, ""reason"": ""conflicting identifiers and disjoint postal evidence""}, {""a"": ""governing council of salvation army in canada [bn 107951618RR0093]"", ""a_evidence"": {""anchors"": [], ""identity"": ""107951618RR0093"", ""localities"": [""burin bay arm""], ""name_key"": ""governing council of salvation army in canada"", ""postal_codes"": [""A0E1G0""]}, ""b"": ""governing council of salvation army in canada [bn 107951618RR0457]"", ""b_evidence"": {""anchors"": [], ""identity"": ""107951618RR0457"", ""localities"": [""mount pearl""], ""name_key"": ""governing council of salvation army in canada"", ""postal_codes"": [""A1N1G5"", ""A1N2C4""]}, ""reason"": ""conflicting identifiers and disjoint postal evidence""}, {""a"": ""governing council of salvation army in canada [bn 107951618RR0127]"", ""a_evidence"": {""anchors"": [], ""identity"": ""107951618RR0127"", ""localities"": [""stephenville""], ""name_key"": ""governing council of salvation army in canada"", ""postal_codes"": [""A2N3A3""]}, ""b"": ""governing council of salvation army in canada [bn 107951618RR0457]"", ""b_evidence"": {""anchors"": [], ""identity"": ""107951618RR0457"", ""localities"": [""mount pearl""], ""name_key"": ""governing council of salvation army in canada"", ""postal_codes"": [""A1N1G5"", ""A1N2C4""]}, ""reason"": ""conflicting identifiers and disjoint postal evidence""}]"
grand falls windsor community garden,split,2,grand fall windsor community garden; grand falls windsor community garden [bn 745282673],conflicting identifiers and disjoint postal evidence,"[{""a"": ""grand fall windsor community garden"", ""a_evidence"": {""anchors"": [], ""identity"": ""764198602"", ""localities"": [""grand falls windsor""], ""name_key"": ""grand falls windsor community garden"", ""postal_codes"": [""A2A2V9""]}, ""b"": ""grand falls windsor community garden [bn 745282673]"", ""b_evidence"": {""anchors"": [], ""identity"": ""745282673"", ""localities"": [""grand falls windsor""], ""name_key"": ""grand falls windsor community garden"", ""postal_codes"": [""A2A2B3""]}, ""reason"": ""conflicting identifiers and disjoint postal evidence""}, {""a"": ""grand fall windsor community garden"", ""a_evidence"": {""anchors"": [], ""identity"": ""764198602"", ""localities"": [""grand falls windsor""], ""name_key"": ""grand fall windsor community garden"", ""postal_codes"": [""A2A2V9""]}, ""b"": ""grand falls windsor community garden [bn 745282673]"", ""b_evidence"": {""anchors"": [], ""identity"": ""745282673"", ""localities"": [""grand falls windsor""], ""name_key"": ""grand falls windsor community garden"", ""postal_codes"": [""A2A2B3""]}, ""reason"": ""conflicting identifiers and disjoint postal evidence""}]"
growler energy,rejoined,1,growler energy,identifier conflict alone is insufficient,
hangout vr games cafe,split,2,hangout vr games cafe [bn 719591000]; hangout vr games cafe [bn 787927078],conflicting identifiers and disjoint postal evidence,"[{""a"": ""hangout vr games cafe [bn 719591000]"", ""a_evidence"": {""anchors"": [], ""identity"": ""719591000"", ""localities"": [""paradise""], ""name_key"": ""hangout vr games cafe"", ""postal_codes"": [""A1L0R9""]}, ""b"": ""hangout vr games cafe [bn 787927078]"", ""b_evidence"": {""anchors"": [], ""identity"": ""787927078"", ""localities"": [""cbs""], ""name_key"": ""hangout vr games cafe"", ""postal_codes"": [""A1W3A1""]}, ""reason"": ""conflicting identifiers and disjoint postal evidence""}]"
harbour breton beautification committee,rejoined,1,harbour breton beautification committee,identifier conflict alone is insufficient,
hare bay dover lions club,rejoined,1,hare bay dover lions club,identifier conflict alone is insufficient,
heritage bay de verde,rejoined,1,heritage bay de verde,identifier conflict alone is insufficient,
humber tumblers,rejoined,1,humber tumblers,identifier conflict alone is insufficient,
johnson geo centre,split,2,johnson geo centre [bn 107690273RR0001]; johnson geo centre [bn 892350612RR0001],named anchors identify different organisations,"[{""a"": ""johnson geo centre [bn 107690273RR0001]"", ""a_evidence"": {""anchors"": [""Memorial University of Newfoundland""], ""identity"": ""107690273RR0001"", ""localities"": [""st johns""], ""name_key"": ""johnson geo centre"", ""postal_codes"": [""A1A1B2""]}, ""b"": ""johnson geo centre [bn 892350612RR0001]"", ""b_evidence"": {""anchors"": [""Johnson GEO Centre Foundation Inc.""], ""identity"": ""892350612RR0001"", ""localities"": [""st johns""], ""name_key"": ""johnson geo centre"", ""postal_codes"": [""A1A1B2""]}, ""reason"": ""named anchors identify different organisations""}]"
joy around enterprises,rejoined,1,joy around enterprises,identifier conflict alone is insufficient,
kindens bakery and cafe,rejoined,1,kindens bakery and cafe,identifier conflict alone is insufficient,
labrador hunting and fishing association,rejoined,1,labrador hunting and fishing association,identifier conflict alone is insufficient,
learning disabilities association cbs chapter,rejoined,1,learning disabilities association cbs chapter,identifier conflict alone is insufficient,
lions club of channel port aux basques,rejoined,1,lions club of channel port aux basques,identifier conflict alone is insufficient,
local service district development committee,split,2,local service district development committee [bn 865502488]; local service district development committee [bn 893006064],conflicting identifiers and disjoint locality evidence,"[{""a"": ""local service district development committee [bn 865502488]"", ""a_evidence"": {""anchors"": [], ""identity"": ""865502488"", ""localities"": [""castor river north""], ""name_key"": ""local service district development committee"", ""postal_codes"": [""A0K1W0""]}, ""b"": ""local service district development committee [bn 893006064]"", ""b_evidence"": {""anchors"": [], ""identity"": ""893006064"", ""localities"": [""castor river south""], ""name_key"": ""local service district development committee"", ""postal_codes"": [""A0K1W0""]}, ""reason"": ""conflicting identifiers and disjoint locality evidence""}]"
lords cove recreation,rejoined,1,lords cove recreation,identifier conflict alone is insufficient,
loyal orange lodge no 26,rejoined,1,loyal orange lodge no 26,identifier conflict alone is insufficient,
marble zip tours,rejoined,1,marble zip tours,identifier conflict alone is insufficient,
marystown recreation committee,rejoined,1,marystown recreation committee,identifier conflict alone is insufficient,
mazol shriners charitable trust,rejoined,1,mazol shriners charitable trust,identifier conflict alone is insufficient,
memorial united church,split,2,memorial united church [bn 107690240]; memorial united church [bn 888270592],conflicting identifiers and disjoint postal evidence,"[{""a"": ""memorial united church [bn 107690240]"", ""a_evidence"": {""anchors"": [], ""identity"": ""107690240"", ""localities"": [""bonavista""], ""name_key"": ""memorial united church"", ""postal_codes"": [""A0C1B0""]}, ""b"": ""memorial united church [bn 888270592]"", ""b_evidence"": {""anchors"": [], ""identity"": ""888270592"", ""localities"": [""grand falls windsor""], ""name_key"": ""memorial united church"", ""postal_codes"": [""A2A2T9""]}, ""reason"": ""conflicting identifiers and disjoint postal evidence""}]"
mommas ice cream,rejoined,1,mommas ice cream,identifier conflict alone is insufficient,
monica crocker,rejoined,1,monica crocker,identifier conflict alone is insufficient,
newfoundland and labrador folk arts society,rejoined,1,newfoundland and labrador folk arts society,identifier conflict alone is insufficient,
newfoundland and labrador pharmacy museum,rejoined,1,newfoundland and labrador pharmacy museum,identifier conflict alone is insufficient,
nicole keats,rejoined,1,nicole keats,identifier conflict alone is insufficient,
north east united soccer club,rejoined,1,north east united soccer club,identifier conflict alone is insufficient,
nunatsiavut government,rejoined,1,nunatsiavut government,identifier conflict alone is insufficient,
oat,rejoined,1,oat,identifier conflict alone is insufficient,
ocean choice international,rejoined,1,ocean choice international,identifier conflict alone is insufficient,
parish of all saints,rejoined,1,parish of all saints,identifier conflict alone is insufficient,
parish of hearts content,split,2,parish of hearts content [bn 119229896RR0021]; parish of hearts content [bn 119229896RR0045],named anchors identify different organisations,"[{""a"": ""parish of hearts content [bn 119229896RR0021]"", ""a_evidence"": {""anchors"": [""Parish of Heart's Content""], ""identity"": ""119229896RR0021"", ""localities"": [""winterton""], ""name_key"": ""parish of hearts content"", ""postal_codes"": [""A0B3M0""]}, ""b"": ""parish of hearts content [bn 119229896RR0045]"", ""b_evidence"": {""anchors"": [""Parish of Upper Island Cove""], ""identity"": ""119229896RR0045"", ""localities"": [""upper island cove""], ""name_key"": ""parish of hearts content"", ""postal_codes"": [""A0A4E0""]}, ""reason"": ""named anchors identify different organisations""}]"
parish of upper island cove,rejoined,1,parish of upper island cove,identifier conflict alone is insufficient,
pelmo international,rejoined,1,pelmo international,identifier conflict alone is insufficient,
phocalux international,rejoined,1,phocalux international,identifier conflict alone is insufficient,
placentia area theatre dheritage,rejoined,1,placentia area theatre dheritage,identifier conflict alone is insufficient,
point lance community council,rejoined,1,point lance community council,identifier conflict alone is insufficient,
point leamington parks and recreation,rejoined,1,point leamington parks and recreation,identifier conflict alone is insufficient,
port rexton community council,rejoined,1,port rexton community council,identifier conflict alone is insufficient,
reidville 50 club,rejoined,1,reidville 50 club,identifier conflict alone is insufficient,
riverwood holdings,rejoined,1,riverwood holdings,identifier conflict alone is insufficient,
roman catholic episcopal,split,2,roman catholic episcopal [bn 107910176]; roman catholic episcopal of grand falls,named anchors identify different organisations,"[{""a"": ""roman catholic episcopal [bn 107910176]"", ""a_evidence"": {""anchors"": [""Roman Catholic Episcopal Corporation of St. John's""], ""identity"": ""107910176"", ""localities"": [""marystown"", ""placentia"", ""st johns""], ""name_key"": ""roman catholic episcopal for st johns"", ""postal_codes"": [""A0B2Y0"", ""A0E2M0"", ""A1C2E8""]}, ""b"": ""roman catholic episcopal of grand falls"", ""b_evidence"": {""anchors"": [""Roman Catholic Episcopal Corporation of Grand Falls""], ""identity"": ""107876468RR0021"", ""localities"": [""holyrood""], ""name_key"": ""roman catholic episcopal of grand falls"", ""postal_codes"": [""A0A2R0""]}, ""reason"": ""named anchors identify different organisations""}, {""a"": ""roman catholic episcopal [bn 107910176]"", ""a_evidence"": {""anchors"": [""Roman Catholic Episcopal Corporation of St. John's""], ""identity"": ""107910176"", ""localities"": [""marystown"", ""placentia"", ""st johns""], ""name_key"": ""roman catholic episcopal for st johns"", ""postal_codes"": [""A0B2Y0"", ""A0E2M0"", ""A1C2E8""]}, ""b"": ""roman catholic episcopal of grand falls"", ""b_evidence"": {""anchors"": [""Roman Catholic Episcopal Corporation of Grand Falls""], ""identity"": ""107876468"", ""localities"": [""baie verte"", ""brigus"", ""carbonear"", ""norris arm"", ""tilting""], ""name_key"": ""roman catholic episcopal of grand falls"", ""postal_codes"": [""A0A1K0"", ""A0G3M0"", ""A0G4H0"", ""A0K1B0"", ""A1Y1B8""]}, ""reason"": ""named anchors identify different organisations""}, {""a"": ""roman catholic episcopal [bn 107910176]"", ""a_evidence"": {""anchors"": [""Roman Catholic Episcopal Corporation of St. John's""], ""identity"": ""107910176"", ""localities"": [""marystown"", ""placentia"", ""st johns""], ""name_key"": ""roman catholic episcopal for st johns"", ""postal_codes"": [""A0B2Y0"", ""A0E2M0"", ""A1C2E8""]}, ""b"": ""roman catholic episcopal of grand falls"", ""b_evidence"": {""anchors"": [""Roman Catholic Episcopal Corporation of Grand Falls""], ""identity"": ""107876468"", ""localities"": [""baie verte"", ""brigus"", ""carbonear"", ""norris arm"", ""tilting""], ""name_key"": ""roman catholic episcopal"", ""postal_codes"": [""A0A1K0"", ""A0G3M0"", ""A0G4H0"", ""A0K1B0"", ""A1Y1B8""]}, ""reason"": ""named anchors identify different organisations""}, {""a"": ""roman catholic episcopal [bn 107910176]"", ""a_evidence"": {""anchors"": [""Roman Catholic Episcopal Corporation of St. John's""], ""identity"": ""107910176"", ""localities"": [""marystown"", ""placentia"", ""st johns""], ""name_key"": ""roman catholic episcopal for st johns"", ""postal_codes"": [""A0B2Y0"", ""A0E2M0"", ""A1C2E8""]}, ""b"": ""roman catholic episcopal of grand falls"", ""b_evidence"": {""anchors"": [""Roman Catholic Episcopal Corporation of Grand Falls""], ""identity"": ""107876468"", ""localities"": [""baie verte"", ""brigus"", ""carbonear"", ""norris arm"", ""tilting""], ""name_key"": ""roman catholic epiciscopal of grand falls"", ""postal_codes"": [""A0A1K0"", ""A0G3M0"", ""A0G4H0"", ""A0K1B0"", ""A1Y1B8""]}, ""reason"": ""named anchors identify different organisations""}, {""a"": ""roman catholic episcopal [bn 107910176]"", ""a_evidence"": {""anchors"": [""Roman Catholic Episcopal Corporation of St. John's""], ""identity"": ""107910176"", ""localities"": [""marystown"", ""placentia"", ""st johns""], ""name_key"": ""roman catholic episcopal of st johns"", ""postal_codes"": [""A0B2Y0"", ""A0E2M0"", ""A1C2E8""]}, ""b"": ""roman catholic episcopal of grand falls"", ""b_evidence"": {""anchors"": [""Roman Catholic Episcopal Corporation of Grand Falls""], ""identity"": ""107876468RR0021"", ""localities"": [""holyrood""], ""name_key"": ""roman catholic episcopal of grand falls"", ""postal_codes"": [""A0A2R0""]}, ""reason"": ""named anchors identify different organisations""}, {""a"": ""roman catholic episcopal [bn 107910176]"", ""a_evidence"": {""anchors"": [""Roman Catholic Episcopal Corporation of St. John's""], ""identity"": ""107910176"", ""localities"": [""marystown"", ""placentia"", ""st johns""], ""name_key"": ""roman catholic episcopal of st johns"", ""postal_codes"": [""A0B2Y0"", ""A0E2M0"", ""A1C2E8""]}, ""b"": ""roman catholic episcopal of grand falls"", ""b_evidence"": {""anchors"": [""Roman Catholic Episcopal Corporation of Grand Falls""], ""identity"": ""107876468"", ""localities"": [""baie verte"", ""brigus"", ""carbonear"", ""norris arm"", ""tilting""], ""name_key"": ""roman catholic episcopal of grand falls"", ""postal_codes"": [""A0A1K0"", ""A0G3M0"", ""A0G4H0"", ""A0K1B0"", ""A1Y1B8""]}, ""reason"": ""named anchors identify different organisations""}, {""a"": ""roman catholic episcopal [bn 107910176]"", ""a_evidence"": {""anchors"": [""Roman Catholic Episcopal Corporation of St. John's""], ""identity"": ""107910176"", ""localities"": [""marystown"", ""placentia"", ""st johns""], ""name_key"": ""roman catholic episcopal of st johns"", ""postal_codes"": [""A0B2Y0"", ""A0E2M0"", ""A1C2E8""]}, ""b"": ""roman catholic episcopal of grand falls"", ""b_evidence"": {""anchors"": [""Roman Catholic Episcopal Corporation of Grand Falls""], ""identity"": ""107876468"", ""localities"": [""baie verte"", ""brigus"", ""carbonear"", ""norris arm"", ""tilting""], ""name_key"": ""roman catholic episcopal"", ""postal_codes"": [""A0A1K0"", ""A0G3M0"", ""A0G4H0"", ""A0K1B0"", ""A1Y1B8""]}, ""reason"": ""named anchors identify different organisations""}, {""a"": ""roman catholic episcopal [bn 107910176]"", ""a_evidence"": {""anchors"": [""Roman Catholic Episcopal Corporation of St. John's""], ""identity"": ""107910176"", ""localities"": [""marystown"", ""placentia"", ""st johns""], ""name_key"": ""roman catholic episcopal of st johns"", ""postal_codes"": [""A0B2Y0"", ""A0E2M0"", ""A1C2E8""]}, ""b"": ""roman catholic episcopal of grand falls"", ""b_evidence"": {""anchors"": [""Roman Catholic Episcopal Corporation of Grand Falls""], ""identity"": ""107876468"", ""localities"": [""baie verte"", ""brigus"", ""carbonear"", ""norris arm"", ""tilting""], ""name_key"": ""roman catholic epiciscopal of grand falls"", ""postal_codes"": [""A0A1K0"", ""A0G3M0"", ""A0G4H0"", ""A0K1B0"", ""A1Y1B8""]}, ""reason"": ""named anchors identify different organisations""}, {""a"": ""roman catholic episcopal [bn 107910176]"", ""a_evidence"": {""anchors"": [""Roman Catholic Episcopal Corporation of St. John's""], ""identity"": ""107910176RR0035"", ""localities"": [""mount pearl""], ""name_key"": ""roman catholic episcopal"", ""postal_codes"": [""A1N2C4"", ""A1N3J2""]}, ""b"": ""roman catholic episcopal of grand falls"", ""b_evidence"": {""anchors"": [""Roman Catholic Episcopal Corporation of Grand Falls""], ""identity"": ""107876468RR0021"", ""localities"": [""holyrood""], ""name_key"": ""roman catholic episcopal of grand falls"", ""postal_codes"": [""A0A2R0""]}, ""reason"": ""named anchors identify different organisations""}, {""a"": ""roman catholic episcopal [bn 107910176]"", ""a_evidence"": {""anchors"": [""Roman Catholic Episcopal Corporation of St. John's""], ""identity"": ""107910176RR0035"", ""localities"": [""mount pearl""], ""name_key"": ""roman catholic episcopal"", ""postal_codes"": [""A1N2C4"", ""A1N3J2""]}, ""b"": ""roman catholic episcopal of grand falls"", ""b_evidence"": {""anchors"": [""Roman Catholic Episcopal Corporation of Grand Falls""], ""identity"": ""107876468"", ""localities"": [""baie verte"", ""brigus"", ""carbonear"", ""norris arm"", ""tilting""], ""name_key"": ""roman catholic episcopal of grand falls"", ""postal_codes"": [""A0A1K0"", ""A0G3M0"", ""A0G4H0"", ""A0K1B0"", ""A1Y1B8""]}, ""reason"": ""named anchors identify different organisations""}, {""a"": ""roman catholic episcopal [bn 107910176]"", ""a_evidence"": {""anchors"": [""Roman Catholic Episcopal Corporation of St. John's""], ""identity"": ""107910176RR0035"", ""localities"": [""mount pearl""], ""name_key"": ""roman catholic episcopal"", ""postal_codes"": [""A1N2C4"", ""A1N3J2""]}, ""b"": ""roman catholic episcopal of grand falls"", ""b_evidence"": {""anchors"": [""Roman Catholic Episcopal Corporation of Grand Falls""], ""identity"": ""107876468"", ""localities"": [""baie verte"", ""brigus"", ""carbonear"", ""norris arm"", ""tilting""], ""name_key"": ""roman catholic episcopal"", ""postal_codes"": [""A0A1K0"", ""A0G3M0"", ""A0G4H0"", ""A0K1B0"", ""A1Y1B8""]}, ""reason"": ""named anchors identify different organisations""}, {""a"": ""roman catholic episcopal [bn 107910176]"", ""a_evidence"": {""anchors"": [""Roman Catholic Episcopal Corporation of St. John's""], ""identity"": ""107910176RR0035"", ""localities"": [""mount pearl""], ""name_key"": ""roman catholic episcopal"", ""postal_codes"": [""A1N2C4"", ""A1N3J2""]}, ""b"": ""roman catholic episcopal of grand falls"", ""b_evidence"": {""anchors"": [""Roman Catholic Episcopal Corporation of Grand Falls""], ""identity"": ""107876468"", ""localities"": [""baie verte"", ""brigus"", ""carbonear"", ""norris arm"", ""tilting""], ""name_key"": ""roman catholic epiciscopal of grand falls"", ""postal_codes"": [""A0A1K0"", ""A0G3M0"", ""A0G4H0"", ""A0K1B0"", ""A1Y1B8""]}, ""reason"": ""named anchors identify different organisations""}, {""a"": ""roman catholic episcopal [bn 107910176]"", ""a_evidence"": {""anchors"": [""Roman Catholic Episcopal Corporation of St. John's""], ""identity"": ""107910176"", ""localities"": [""marystown"", ""placentia"", ""st johns""], ""name_key"": ""roman catholic episcopal"", ""postal_codes"": [""A0B2Y0"", ""A0E2M0"", ""A1C2E8""]}, ""b"": ""roman catholic episcopal of grand falls"", ""b_evidence"": {""anchors"": [""Roman Catholic Episcopal Corporation of Grand Falls""], ""identity"": ""107876468RR0021"", ""localities"": [""holyrood""], ""name_key"": ""roman catholic episcopal of grand falls"", ""postal_codes"": [""A0A2R0""]}, ""reason"": ""named anchors identify different organisations""}, {""a"": ""roman catholic episcopal [bn 107910176]"", ""a_evidence"": {""anchors"": [""Roman Catholic Episcopal Corporation of St. John's""], ""identity"": ""107910176"", ""localities"": [""marystown"", ""placentia"", ""st johns""], ""name_key"": ""roman catholic episcopal"", ""postal_codes"": [""A0B2Y0"", ""A0E2M0"", ""A1C2E8""]}, ""b"": ""roman catholic episcopal of grand falls"", ""b_evidence"": {""anchors"": [""Roman Catholic Episcopal Corporation of Grand Falls""], ""identity"": ""107876468"", ""localities"": [""baie verte"", ""brigus"", ""carbonear"", ""norris arm"", ""tilting""], ""name_key"": ""roman catholic episcopal of grand falls"", ""postal_codes"": [""A0A1K0"", ""A0G3M0"", ""A0G4H0"", ""A0K1B0"", ""A1Y1B8""]}, ""reason"": ""named anchors identify different organisations""}, {""a"": ""roman catholic episcopal [bn 107910176]"", ""a_evidence"": {""anchors"": [""Roman Catholic Episcopal Corporation of St. John's""], ""identity"": ""107910176"", ""localities"": [""marystown"", ""placentia"", ""st johns""], ""name_key"": ""roman catholic episcopal"", ""postal_codes"": [""A0B2Y0"", ""A0E2M0"", ""A1C2E8""]}, ""b"": ""roman catholic episcopal of grand falls"", ""b_evidence"": {""anchors"": [""Roman Catholic Episcopal Corporation of Grand Falls""], ""identity"": ""107876468"", ""localities"": [""baie verte"", ""brigus"", ""carbonear"", ""norris arm"", ""tilting""], ""name_key"": ""roman catholic episcopal"", ""postal_codes"": [""A0A1K0"", ""A0G3M0"", ""A0G4H0"", ""A0K1B0"", ""A1Y1B8""]}, ""reason"": ""named anchors identify different organisations""}, {""a"": ""roman catholic episcopal [bn 107910176]"", ""a_evidence"": {""anchors"": [""Roman Catholic Episcopal Corporation of St. John's""], ""identity"": ""107910176"", ""localities"": [""marystown"", ""placentia"", ""st johns""], ""name_key"": ""roman catholic episcopal"", ""postal_codes"": [""A0B2Y0"", ""A0E2M0"", ""A1C2E8""]}, ""b"": ""roman catholic episcopal of grand falls"", ""b_evidence"": {""anchors"": [""Roman Catholic Episcopal Corporation of Grand Falls""], ""identity"": ""107876468"", ""localities"": [""baie verte"", ""brigus"", ""carbonear"", ""norris arm"", ""tilting""], ""name_key"": ""roman catholic epiciscopal of grand falls"", ""postal_codes"": [""A0A1K0"", ""A0G3M0"", ""A0G4H0"", ""A0K1B0"", ""A1Y1B8""]}, ""reason"": ""named anchors identify different organisations""}]"
rowing newfoundland,split,2,rowing newfoundland [bn 850574039]; rowing newfoundland [bn 893497479],conflicting identifiers and disjoint postal evidence,"[{""a"": ""rowing newfoundland [bn 850574039]"", ""a_evidence"": {""anchors"": [], ""identity"": ""850574039"", ""localities"": [""st johns""], ""name_key"": ""rowing newfoundland"", ""postal_codes"": [""A1B4R1""]}, ""b"": ""rowing newfoundland [bn 893497479]"", ""b_evidence"": {""anchors"": [], ""identity"": ""893497479"", ""localities"": [""conception bay south""], ""name_key"": ""rowing newfoundland"", ""postal_codes"": [""A1W4C5""]}, ""reason"": ""conflicting identifiers and disjoint postal evidence""}, {""a"": ""rowing newfoundland [bn 850574039]"", ""a_evidence"": {""anchors"": [], ""identity"": ""850574039"", ""localities"": [""st johns""], ""name_key"": ""rowing newfoundland and labrador"", ""postal_codes"": [""A1B4R1""]}, ""b"": ""rowing newfoundland [bn 893497479]"", ""b_evidence"": {""anchors"": [], ""identity"": ""893497479"", ""localities"": [""conception bay south""], ""name_key"": ""rowing newfoundland"", ""postal_codes"": [""A1W4C5""]}, ""reason"": ""conflicting identifiers and disjoint postal evidence""}]"
royal canadian legion,split,3,royal canadian legion; royal canadian legion [bn 107930836]; royal canadian legion [bn 107933061],conflicting identifiers and disjoint postal evidence,"[{""a"": ""royal canadian legion [bn 107930836]"", ""a_evidence"": {""anchors"": [], ""identity"": ""107930836"", ""localities"": [""bay roberts""], ""name_key"": ""royal canadian legion"", ""postal_codes"": [""A0A1G0""]}, ""b"": ""royal canadian legion [bn 107933061]"", ""b_evidence"": {""anchors"": [], ""identity"": ""107933061"", ""localities"": [""conception bay south""], ""name_key"": ""royal canadian legion"", ""postal_codes"": [""A1X6Y7""]}, ""reason"": ""conflicting identifiers and disjoint postal evidence""}]"
s w moores memorial park committee,rejoined,1,s w moores memorial park committee,identifier conflict alone is insufficient,
saltwater community association,rejoined,1,saltwater community association,identifier conflict alone is insufficient,
salvation army,split,5,salvation army; salvation army [bn 107951618RR0089]; salvation army [bn 107951618RR0434]; salvation army [bn 107951618RR0441]; salvation army [bn 107951618],conflicting identifiers and disjoint postal evidence,"[{""a"": ""salvation army [bn 107951618RR0089]"", ""a_evidence"": {""anchors"": [], ""identity"": ""107951618RR0089"", ""localities"": [""grand bank""], ""name_key"": ""salvation army"", ""postal_codes"": [""A0E1W0""]}, ""b"": ""salvation army [bn 107951618RR0434]"", ""b_evidence"": {""anchors"": [], ""identity"": ""107951618RR0434"", ""localities"": [""hare bay"", ""hare bay b bay""], ""name_key"": ""salvation army"", ""postal_codes"": [""A0G2P0""]}, ""reason"": ""conflicting identifiers and disjoint postal evidence""}, {""a"": ""salvation army [bn 107951618RR0089]"", ""a_evidence"": {""anchors"": [], ""identity"": ""107951618RR0089"", ""localities"": [""grand bank""], ""name_key"": ""salvation army"", ""postal_codes"": [""A0E1W0""]}, ""b"": ""salvation army [bn 107951618RR0441]"", ""b_evidence"": {""anchors"": [], ""identity"": ""107951618RR0441"", ""localities"": [""deer lake""], ""name_key"": ""salvation army"", ""postal_codes"": [""A8A1E1""]}, ""reason"": ""conflicting identifiers and disjoint postal evidence""}, {""a"": ""salvation army [bn 107951618RR0434]"", ""a_evidence"": {""anchors"": [], ""identity"": ""107951618RR0434"", ""localities"": [""hare bay"", ""hare bay b bay""], ""name_key"": ""salvation army"", ""postal_codes"": [""A0G2P0""]}, ""b"": ""salvation army [bn 107951618RR0441]"", ""b_evidence"": {""anchors"": [], ""identity"": ""107951618RR0441"", ""localities"": [""deer lake""], ""name_key"": ""salvation army"", ""postal_codes"": [""A8A1E1""]}, ""reason"": ""conflicting identifiers and disjoint postal evidence""}]"
salvation army heritage park temple corps,split,2,salvation army heritage park temple corps [bn 107951618RR0043]; salvation army heritage park temple corps [bn 107951618RR0441],named anchors identify different organisations,"[{""a"": ""salvation army heritage park temple corps [bn 107951618RR0043]"", ""a_evidence"": {""anchors"": [""The Salvation Army Arnold's Cove Corps""], ""identity"": ""107951618RR0043"", ""localities"": [""arnolds cove""], ""name_key"": ""salvation army heritage park temple corps"", ""postal_codes"": [""A0B1A0""]}, ""b"": ""salvation army heritage park temple corps [bn 107951618RR0441]"", ""b_evidence"": {""anchors"": [""The Salvation Army Deer Lake Corps""], ""identity"": ""107951618RR0441"", ""localities"": [""deer lake""], ""name_key"": ""salvation army heritage park temple corps"", ""postal_codes"": [""A8A1E1""]}, ""reason"": ""named anchors identify different organisations""}]"
scouts canada,rejoined,1,scouts canada,identifier conflict alone is insufficient,
sheaves cove recreation committee,rejoined,1,sheaves cove recreation committee,identifier conflict alone is insufficient,
sir thomas roddick hospital auxiliary,rejoined,1,sir thomas roddick hospital auxiliary,identifier conflict alone is insufficient,
spaniards bay tourism advisory committee,rejoined,1,spaniards bay tourism advisory committee,identifier conflict alone is insufficient,
spirit of newfoundland productions,rejoined,1,spirit of newfoundland productions,identifier conflict alone is insufficient,
st anthony and area chamber of commerce,rejoined,1,st anthony and area chamber of commerce,identifier conflict alone is insufficient,
st johns womens centre,rejoined,1,st johns womens centre,identifier conflict alone is insufficient,
st michaels roman catholic parish,rejoined,1,st michaels roman catholic parish,identifier conflict alone is insufficient,
summerford age friendly,rejoined,1,summerford age friendly,identifier conflict alone is insufficient,
summerford recreation committee,rejoined,1,summerford recreation committee,identifier conflict alone is insufficient,
tourism bell island,rejoined,1,tourism bell island,identifier conflict alone is insufficient,
town of forteau,rejoined,1,town of forteau,identifier conflict alone is insufficient,
town of grand falls windsor,split,3,town of grand falls windsor; town of grand falls windsor [bn 108126749]; town of grand falls windsor [bn 122184484],conflicting identifiers and disjoint postal evidence,"[{""a"": ""town of grand falls windsor [bn 108126749]"", ""a_evidence"": {""anchors"": [], ""identity"": ""108126749"", ""localities"": [""grand falls windsor""], ""name_key"": ""town of grand falls windsor"", ""postal_codes"": [""A2A1C3"", ""A2A2B7"", ""A2A2J8""]}, ""b"": ""town of grand falls windsor [bn 122184484]"", ""b_evidence"": {""anchors"": [], ""identity"": ""122184484"", ""localities"": [], ""name_key"": ""town of grand falls windsor"", ""postal_codes"": [""A2A2J3""]}, ""reason"": ""conflicting identifiers and disjoint postal evidence""}]"
town of hants harbour,rejoined,1,town of hants harbour,identifier conflict alone is insufficient,
town of irishtown summerside,rejoined,1,town of irishtown summerside,identifier conflict alone is insufficient,
town of north west river,rejoined,1,town of north west river,identifier conflict alone is insufficient,
town of springdale,rejoined,1,town of springdale,identifier conflict alone is insufficient,
toyota plaza,rejoined,1,toyota plaza,identifier conflict alone is insufficient,
twillingate islands tourism association,rejoined,1,twillingate islands tourism association,identifier conflict alone is insufficient,
twillingate lions club,rejoined,1,twillingate lions club,identifier conflict alone is insufficient,
united church of canada,split,3,united church of canada; united church of canada [bn 106777014]; united church of canada [bn 872937693],conflicting identifiers and disjoint postal evidence,"[{""a"": ""united church of canada [bn 106777014]"", ""a_evidence"": {""anchors"": [], ""identity"": ""106777014"", ""localities"": [""clarkes beach""], ""name_key"": ""united church of canada"", ""postal_codes"": [""A0A1X0""]}, ""b"": ""united church of canada [bn 872937693]"", ""b_evidence"": {""anchors"": [], ""identity"": ""872937693"", ""localities"": [""twillingate""], ""name_key"": ""united church of canada"", ""postal_codes"": [""A0G4M0""]}, ""reason"": ""conflicting identifiers and disjoint postal evidence""}]"
west coast cycling association,rejoined,1,west coast cycling association,identifier conflict alone is insufficient,
westside asphalt and concrete,rejoined,1,westside asphalt and concrete,identifier conflict alone is insufficient,
women in resource development,rejoined,1,women in resource development,identifier conflict alone is insufficient,
wonderbolt productions,rejoined,1,wonderbolt productions,identifier conflict alone is insufficient,
