original_supplier_key,supplier_key,business_numbers,postal_codes,localities,reason,source_urls
coleys point grace united community of faith,coleys point grace united community of faith [bn 106777014],106777014RP0001,A0A3C0,coleys point,conflicting identifiers and disjoint postal evidence,"https://search.open.canada.ca/grants/record/esdc-edsc,141-2021-2022-Q2-01914,current"
coleys point grace united community of faith,coleys point grace united community of faith [bn 802373589],802373589RP0001,A0A1X0,coleys point,conflicting identifiers and disjoint postal evidence,"https://search.open.canada.ca/grants/record/esdc-edsc,141-2022-2023-Q2-04128,current"
deejay charters,dee jay charters,890090541RP0001,A1A2Z9,st johns,conflicting identifiers and disjoint postal evidence,"https://search.open.canada.ca/grants/record/esdc-edsc,141-2018-2019-Q1-04580,current"
deejay charters,deejay charters,744218512RP0001,A1B4G8,st johns,conflicting identifiers and disjoint postal evidence,"https://search.open.canada.ca/grants/record/esdc-edsc,141-2022-2023-Q2-17952,current"
governing council of salvation army,governing council of salvation army [bn 107951618RR0038],107951618RR0038,A1C0A4,st johns,conflicting identifiers and disjoint postal evidence,"https://search.open.canada.ca/grants/record/esdc-edsc,141-2018-2019-Q1-07596,current; https://search.open.canada.ca/grants/record/esdc-edsc,141-2019-2020-Q1-14681,current"
governing council of salvation army,governing council of salvation army [bn 107951618RR0067],107951618RR0067; 107951618RT0510,A0J1R0; A1C0A4; A1C4Z1; A2H4B4; A2H7J5,corner brook; roberts arm; st johns,conflicting identifiers and disjoint postal evidence,"https://search.open.canada.ca/grants/record/esdc-edsc,014-2025-2026-Q2-04091,current; https://search.open.canada.ca/grants/record/esdc-edsc,141-2019-2020-Q1-10613,current; https://search.open.canada.ca/grants/record/esdc-edsc,141-2020-2021-Q4-02761,current; https://search.open.canada.ca/grants/record/esdc-edsc,141-2021-2022-Q2-02306,current; https://search.open.canada.ca/grants/record/esdc-edsc,141-2021-2022-Q2-03572,current; https://search.open.canada.ca/grants/record/esdc-edsc,141-2022-2023-Q2-15697,current; https://search.open.canada.ca/grants/record/esdc-edsc,141-2022-2023-Q2-17199,current; https://search.open.canada.ca/grants/record/esdc-edsc,141-2023-2024-Q2-00820,current; https://search.open.canada.ca/grants/record/esdc-edsc,141-2023-2024-Q2-02662,current; https://search.open.canada.ca/grants/record/esdc-edsc,141-2024-2025-Q2-04472,current"
governing council of salvation army,governing council of salvation army [bn 107951618RR0077],107951618RR0077,A2H6J3; A2H7J5,corner brook,conflicting identifiers and disjoint postal evidence,"https://search.open.canada.ca/grants/record/esdc-edsc,014-2025-2026-Q2-01096,current; https://search.open.canada.ca/grants/record/esdc-edsc,141-2018-2019-Q1-06419,current; https://search.open.canada.ca/grants/record/esdc-edsc,141-2019-2020-Q1-10569,current; https://search.open.canada.ca/grants/record/esdc-edsc,141-2020-2021-Q4-02767,current; https://search.open.canada.ca/grants/record/esdc-edsc,141-2021-2022-Q2-01682,current; https://search.open.canada.ca/grants/record/esdc-edsc,141-2021-2022-Q2-02802,current; https://search.open.canada.ca/grants/record/esdc-edsc,141-2022-2023-Q2-08281,current; https://search.open.canada.ca/grants/record/esdc-edsc,141-2023-2024-Q2-03187,current; https://search.open.canada.ca/grants/record/esdc-edsc,141-2024-2025-Q2-02353,current"
governing council of salvation army,governing council of salvation army [bn 107951618RR0089],107951618RR0089,A0E1W0,grand bank,conflicting identifiers and disjoint postal evidence,"https://search.open.canada.ca/grants/record/esdc-edsc,141-2018-2019-Q1-18115,current; https://search.open.canada.ca/grants/record/esdc-edsc,141-2019-2020-Q1-11583,current; https://search.open.canada.ca/grants/record/esdc-edsc,141-2020-2021-Q4-04040,current; https://search.open.canada.ca/grants/record/esdc-edsc,141-2021-2022-Q2-03518,current; https://search.open.canada.ca/grants/record/esdc-edsc,141-2022-2023-Q2-06822,current"
governing council of salvation army,governing council of salvation army [bn 107951618RR0456],107951618RR0456,A0B1A0,arnolds cove,conflicting identifiers and disjoint postal evidence,"https://search.open.canada.ca/grants/record/esdc-edsc,141-2020-2021-Q4-04186,current; https://search.open.canada.ca/grants/record/esdc-edsc,141-2021-2022-Q2-03368,current"
governing council of salvation army,governing council of salvation army [bn 107951618RR0510],107951618RR0510,A2A1A9,grand falls windsor,conflicting identifiers and disjoint postal evidence,"https://search.open.canada.ca/grants/record/esdc-edsc,141-2024-2025-Q2-04115,current"
governing council of salvation army,governing council of salvation army [bn 107951618],107951618; 107951618RR0441; 107951618RT0510,A1C0A4; A1C4Z1; A2H4B4; A2H7J5; A8A1E1,corner brook; deer lake; st johns,conflicting identifiers and disjoint postal evidence,"https://search.open.canada.ca/grants/record/aafc-aac,235-2020-2021-Q4-00195,current; https://search.open.canada.ca/grants/record/esdc-edsc,014-2025-2026-Q2-02207,current; https://search.open.canada.ca/grants/record/esdc-edsc,141-2018-2019-Q1-26999,current"
governing council of salvation army,salvation army governing council of canada,107951618RR0078,A0N1K0,grand bay east; grand bay westfield,conflicting identifiers and disjoint postal evidence,"https://search.open.canada.ca/grants/record/esdc-edsc,141-2018-2019-Q1-12029,current; https://search.open.canada.ca/grants/record/esdc-edsc,141-2019-2020-Q1-11595,current; https://search.open.canada.ca/grants/record/esdc-edsc,141-2020-2021-Q4-03630,current"
governing council of salvation army in canada,governing council of salvation army in canada,,,,unnumbered records cannot be uniquely assigned to located pieces,"https://search.open.canada.ca/grants/record/esdc-edsc,GC-2006-Q4-00187,current; https://search.open.canada.ca/grants/record/esdc-edsc,GC-2008-Q4-00153,current"
governing council of salvation army in canada,governing council of salvation army in canada [bn 107951618RR0038],107951618RR0038,A1C0A4; A1E2R1,st johns,conflicting identifiers and disjoint postal evidence,"https://search.open.canada.ca/grants/record/esdc-edsc,014-2025-2026-Q2-02087,current; https://search.open.canada.ca/grants/record/esdc-edsc,141-2020-2021-Q4-02800,current; https://search.open.canada.ca/grants/record/esdc-edsc,141-2021-2022-Q2-01244,current; https://search.open.canada.ca/grants/record/esdc-edsc,141-2022-2023-Q2-07544,current; https://search.open.canada.ca/grants/record/esdc-edsc,141-2023-2024-Q2-00812,current; https://search.open.canada.ca/grants/record/esdc-edsc,141-2024-2025-Q2-01546,current"
governing council of salvation army in canada,governing council of salvation army in canada [bn 107951618RR0043],107951618RR0043,A0B1A0,arnolds cove,conflicting identifiers and disjoint postal evidence,"https://search.open.canada.ca/grants/record/esdc-edsc,014-2025-2026-Q2-04368,current"
governing council of salvation army in canada,governing council of salvation army in canada [bn 107951618RR0072],107951618RR0072,A5A4C4,clarenville,conflicting identifiers and disjoint postal evidence,"https://search.open.canada.ca/grants/record/esdc-edsc,141-2024-2025-Q2-03944,current"
governing council of salvation army in canada,governing council of salvation army in canada [bn 107951618RR0077],107951618RR0077,A2H4B4,corner brook,conflicting identifiers and disjoint postal evidence,"https://search.open.canada.ca/grants/record/esdc-edsc,014-2025-2026-Q2-00683,current; https://search.open.canada.ca/grants/record/esdc-edsc,141-2024-2025-Q2-01713,current"
governing council of salvation army in canada,governing council of salvation army in canada [bn 107951618RR0088],107951618RR0088,A2A2J3,grand falls windsor,conflicting identifiers and disjoint postal evidence,"https://search.open.canada.ca/grants/record/esdc-edsc,141-2020-2021-Q4-04471,current"
governing council of salvation army in canada,governing council of salvation army in canada [bn 107951618RR0089],107951618RR0089,A0E1W0,grand bank,conflicting identifiers and disjoint postal evidence,"https://search.open.canada.ca/grants/record/esdc-edsc,014-2025-2026-Q2-01069,current"
governing council of salvation army in canada,governing council of salvation army in canada [bn 107951618RR0093],107951618RR0093,A0E1G0,burin bay arm,conflicting identifiers and disjoint postal evidence,"https://search.open.canada.ca/grants/record/esdc-edsc,141-2022-2023-Q2-20650,current"
governing council of salvation army in canada,governing council of salvation army in canada [bn 107951618RR0127],107951618RR0127,A2N3A3,stephenville,conflicting identifiers and disjoint postal evidence,"https://search.open.canada.ca/grants/record/esdc-edsc,141-2021-2022-Q2-04088,current"
governing council of salvation army in canada,governing council of salvation army in canada [bn 107951618RR0457],107951618RR0457,A1N1G5; A1N2C4,mount pearl,conflicting identifiers and disjoint postal evidence,"https://search.open.canada.ca/grants/record/esdc-edsc,014-2025-2026-Q2-01209,current; https://search.open.canada.ca/grants/record/esdc-edsc,141-2023-2024-Q2-02344,current; https://search.open.canada.ca/grants/record/esdc-edsc,141-2024-2025-Q2-00687,current"
governing council of salvation army in canada,governing council of salvation army in canada [bn 107951618],107951618; 107951618RT0047; 107951618RT0108; 107951618RT0510,A0N1K0; A1E4N1; A2A2J3; A2B1C7,grand bay east; grand falls windsor; st johns,conflicting identifiers and disjoint postal evidence,"https://search.open.canada.ca/grants/record/aafc-aac,235-2020-2021-Q4-00266,current; https://search.open.canada.ca/grants/record/esdc-edsc,014-2025-2026-Q2-02421,current; https://search.open.canada.ca/grants/record/esdc-edsc,014-2025-2026-Q2-03539,current; https://search.open.canada.ca/grants/record/esdc-edsc,141-2018-2019-Q1-13664,current; https://search.open.canada.ca/grants/record/esdc-edsc,141-2018-2019-Q1-13719,current; https://search.open.canada.ca/grants/record/esdc-edsc,141-2018-2019-Q1-19286,current; https://search.open.canada.ca/grants/record/esdc-edsc,141-2019-2020-Q1-14663,current; https://search.open.canada.ca/grants/record/esdc-edsc,141-2019-2020-Q1-14720,current; https://search.open.canada.ca/grants/record/esdc-edsc,141-2019-2020-Q1-14761,current; https://search.open.canada.ca/grants/record/esdc-edsc,141-2021-2022-Q2-02488,current; https://search.open.canada.ca/grants/record/esdc-edsc,141-2021-2022-Q2-03347,current; https://search.open.canada.ca/grants/record/esdc-edsc,141-2021-2022-Q2-04244,current; https://search.open.canada.ca/grants/record/esdc-edsc,141-2022-2023-Q2-01670,current; https://search.open.canada.ca/grants/record/esdc-edsc,141-2023-2024-Q2-03079,current; https://search.open.canada.ca/grants/record/esdc-edsc,141-2024-2025-Q2-03457,current; https://search.open.canada.ca/grants/record/esdc-edsc,141-2024-2025-Q2-03516,current; https://search.open.canada.ca/grants/record/esdc-edsc,141-2024-2025-Q2-04254,current"
grand falls windsor community garden,grand fall windsor community garden,764198602RP0001,A2A2V9,grand falls windsor,conflicting identifiers and disjoint postal evidence,"https://search.open.canada.ca/grants/record/esdc-edsc,141-2022-2023-Q2-12527,current; https://search.open.canada.ca/grants/record/esdc-edsc,141-2023-2024-Q2-01588,current"
grand falls windsor community garden,grand falls windsor community garden [bn 745282673],745282673RP0001,A2A2B3,grand falls windsor,conflicting identifiers and disjoint postal evidence,"https://search.open.canada.ca/grants/record/esdc-edsc,141-2020-2021-Q4-04222,current"
hangout vr games cafe,hangout vr games cafe [bn 719591000],719591000RT0001,A1L0R9,paradise,conflicting identifiers and disjoint postal evidence,"https://search.open.canada.ca/grants/record/esdc-edsc,141-2022-2023-Q2-06477,current"
hangout vr games cafe,hangout vr games cafe [bn 787927078],787927078RP0001,A1W3A1,cbs,conflicting identifiers and disjoint postal evidence,"https://search.open.canada.ca/grants/record/esdc-edsc,141-2021-2022-Q2-05419,current"
johnson geo centre,johnson geo centre [bn 107690273RR0001],107690273RR0001,A1A1B2,st johns,named anchors identify different organisations,"https://search.open.canada.ca/grants/record/esdc-edsc,141-2019-2020-Q1-14775,current"
johnson geo centre,johnson geo centre [bn 892350612RR0001],892350612RR0001,A1A1B2,st johns,named anchors identify different organisations,"https://search.open.canada.ca/grants/record/esdc-edsc,141-2018-2019-Q1-13169,current"
local service district development committee,local service district development committee [bn 865502488],865502488RP0001,A0K1W0,castor river north,conflicting identifiers and disjoint locality evidence,"https://search.open.canada.ca/grants/record/esdc-edsc,141-2020-2021-Q4-04368,current; https://search.open.canada.ca/grants/record/esdc-edsc,141-2021-2022-Q2-02767,current; https://search.open.canada.ca/grants/record/esdc-edsc,141-2022-2023-Q2-25164,current"
local service district development committee,local service district development committee [bn 893006064],893006064RP0001,A0K1W0,castor river south,conflicting identifiers and disjoint locality evidence,"https://search.open.canada.ca/grants/record/esdc-edsc,014-2025-2026-Q2-03874,current; https://search.open.canada.ca/grants/record/esdc-edsc,141-2019-2020-Q1-10213,current; https://search.open.canada.ca/grants/record/esdc-edsc,141-2020-2021-Q4-04364,current; https://search.open.canada.ca/grants/record/esdc-edsc,141-2021-2022-Q2-02765,current; https://search.open.canada.ca/grants/record/esdc-edsc,141-2023-2024-Q2-04136,current; https://search.open.canada.ca/grants/record/esdc-edsc,141-2024-2025-Q2-02777,current"
memorial united church,memorial united church [bn 107690240],107690240RP0001,A0C1B0,bonavista,conflicting identifiers and disjoint postal evidence,"https://search.open.canada.ca/grants/record/esdc-edsc,141-2018-2019-Q1-12234,current; https://search.open.canada.ca/grants/record/esdc-edsc,141-2019-2020-Q1-09877,current; https://search.open.canada.ca/grants/record/esdc-edsc,141-2021-2022-Q2-00914,current; https://search.open.canada.ca/grants/record/esdc-edsc,141-2022-2023-Q2-08853,current; https://search.open.canada.ca/grants/record/esdc-edsc,141-2023-2024-Q2-03756,current"
memorial united church,memorial united church [bn 888270592],888270592RP0001,A2A2T9,grand falls windsor,conflicting identifiers and disjoint postal evidence,"https://search.open.canada.ca/grants/record/esdc-edsc,141-2018-2019-Q1-19004,current"
parish of hearts content,parish of hearts content [bn 119229896RR0021],119229896RR0021,A0B3M0,winterton,named anchors identify different organisations,"https://search.open.canada.ca/grants/record/esdc-edsc,141-2019-2020-Q1-15787,current"
parish of hearts content,parish of hearts content [bn 119229896RR0045],119229896RR0045,A0A4E0,upper island cove,named anchors identify different organisations,"https://search.open.canada.ca/grants/record/esdc-edsc,141-2020-2021-Q4-04244,current"
roman catholic episcopal,roman catholic episcopal [bn 107910176],107910176RP0010; 107910176RR0035; 107910176RT0001,A0B2Y0; A0E2M0; A1C2E8; A1N2C4; A1N3J2,marystown; mount pearl; placentia; st johns,named anchors identify different organisations,"https://search.open.canada.ca/grants/record/esdc-edsc,141-2019-2020-Q1-12810,current; https://search.open.canada.ca/grants/record/esdc-edsc,141-2019-2020-Q1-13218,current; https://search.open.canada.ca/grants/record/esdc-edsc,141-2019-2020-Q1-13681,current; https://search.open.canada.ca/grants/record/esdc-edsc,141-2020-2021-Q4-03889,current; https://search.open.canada.ca/grants/record/esdc-edsc,141-2020-2021-Q4-04451,current; https://search.open.canada.ca/grants/record/esdc-edsc,141-2020-2021-Q4-04513,current; https://search.open.canada.ca/grants/record/esdc-edsc,141-2020-2021-Q4-21774,current; https://search.open.canada.ca/grants/record/esdc-edsc,141-2021-2022-Q2-03356,current"
roman catholic episcopal,roman catholic episcopal of grand falls,107876468RP0008; 107876468RP0009; 107876468RP0020; 107876468RP0025; 107876468RP0028; 107876468RR0021,A0A1K0; A0A2R0; A0G3M0; A0G4H0; A0K1B0; A1Y1B8,baie verte; brigus; carbonear; holyrood; norris arm; tilting,named anchors identify different organisations,"https://search.open.canada.ca/grants/record/esdc-edsc,141-2019-2020-Q1-09570,current; https://search.open.canada.ca/grants/record/esdc-edsc,141-2019-2020-Q1-09571,current; https://search.open.canada.ca/grants/record/esdc-edsc,141-2019-2020-Q1-09572,current; https://search.open.canada.ca/grants/record/esdc-edsc,141-2019-2020-Q1-13406,current; https://search.open.canada.ca/grants/record/esdc-edsc,141-2021-2022-Q2-03025,current"
rowing newfoundland,rowing newfoundland [bn 850574039],850574039RP0001,A1B4R1,st johns,conflicting identifiers and disjoint postal evidence,"https://search.open.canada.ca/grants/record/esdc-edsc,141-2019-2020-Q1-14843,current; https://search.open.canada.ca/grants/record/esdc-edsc,141-2020-2021-Q4-03614,current; https://search.open.canada.ca/grants/record/esdc-edsc,141-2021-2022-Q2-02921,current; https://search.open.canada.ca/grants/record/esdc-edsc,141-2022-2023-Q2-24657,current"
rowing newfoundland,rowing newfoundland [bn 893497479],893497479RP0002,A1W4C5,conception bay south,conflicting identifiers and disjoint postal evidence,"https://search.open.canada.ca/grants/record/esdc-edsc,141-2018-2019-Q1-31308,current"
royal canadian legion,royal canadian legion,,,,unnumbered records cannot be uniquely assigned to located pieces,"https://search.open.canada.ca/grants/record/pch,016-2020-2021-Q2-1335349,current; https://www.assembly.nl.ca/Members/Expenses/Reports/Apr2020-Mar2021/BraggDerrickDet2020-21.pdf; https://www.assembly.nl.ca/Members/Expenses/Reports/Apr2024-Mar2025/JoyceEddieDet2024-25.pdf; https://www.assembly.nl.ca/Members/Expenses/Reports/Apr2024-Mar2025/WallJoedyDet2024-25.pdf"
royal canadian legion,royal canadian legion [bn 107930836],107930836RT0001,A0A1G0,bay roberts,conflicting identifiers and disjoint postal evidence,"https://search.open.canada.ca/grants/record/esdc-edsc,141-2018-2019-Q1-25650,current; https://search.open.canada.ca/grants/record/esdc-edsc,141-2018-2019-Q4-00864,current"
royal canadian legion,royal canadian legion [bn 107933061],107933061RT0001,A1X6Y7,conception bay south,conflicting identifiers and disjoint postal evidence,"https://search.open.canada.ca/grants/record/esdc-edsc,141-2024-2025-Q2-01687,current"
salvation army,salvation army,,,,unnumbered records cannot be uniquely assigned to located pieces,https://www.assembly.nl.ca/Members/Expenses/Reports/Apr2023-Mar2024/LanePaulDet2023-24.pdf
salvation army,salvation army [bn 107951618RR0089],107951618RR0089,A0E1W0,grand bank,conflicting identifiers and disjoint postal evidence,"https://search.open.canada.ca/grants/record/esdc-edsc,141-2023-2024-Q2-02569,current"
salvation army,salvation army [bn 107951618RR0434],107951618RR0434,A0G2P0,hare bay; hare bay b bay,conflicting identifiers and disjoint postal evidence,"https://search.open.canada.ca/grants/record/esdc-edsc,141-2018-2019-Q1-09106,current; https://search.open.canada.ca/grants/record/esdc-edsc,141-2019-2020-Q1-12140,current; https://search.open.canada.ca/grants/record/esdc-edsc,141-2021-2022-Q2-03344,current; https://search.open.canada.ca/grants/record/esdc-edsc,141-2022-2023-Q2-09560,current; https://search.open.canada.ca/grants/record/esdc-edsc,141-2023-2024-Q2-01477,current"
salvation army,salvation army [bn 107951618RR0441],107951618RR0441,A8A1E1,deer lake,conflicting identifiers and disjoint postal evidence,"https://search.open.canada.ca/grants/record/esdc-edsc,141-2023-2024-Q2-03778,current"
salvation army,salvation army [bn 107951618],107951618RP0441; 107951618RT0510,A2A2P9; A8A1E1,deer lake; grand falls windsor,conflicting identifiers and disjoint postal evidence,"https://search.open.canada.ca/grants/record/esdc-edsc,141-2019-2020-Q1-11644,current; https://search.open.canada.ca/grants/record/esdc-edsc,141-2021-2022-Q2-04024,current"
salvation army heritage park temple corps,salvation army heritage park temple corps [bn 107951618RR0043],107951618RR0043,A0B1A0,arnolds cove,named anchors identify different organisations,"https://search.open.canada.ca/grants/record/esdc-edsc,141-2024-2025-Q2-02545,current"
salvation army heritage park temple corps,salvation army heritage park temple corps [bn 107951618RR0441],107951618RR0441,A8A1E1,deer lake,named anchors identify different organisations,"https://search.open.canada.ca/grants/record/esdc-edsc,141-2024-2025-Q2-04322,current"
town of grand falls windsor,town of grand falls windsor,,,,unnumbered records cannot be uniquely assigned to located pieces,"https://search.open.canada.ca/grants/record/infc,278-2024-2025-Q4-00256,current; https://www.assembly.nl.ca/Members/Expenses/Reports/Apr2022-Mar2023/TibbsChrisDet2022-23.pdf; https://www.assembly.nl.ca/Members/Expenses/Reports/Apr2023-Mar2024/ForseyPleamanDet2023-24.pdf; https://www.assembly.nl.ca/Members/Expenses/Reports/Apr2023-Mar2024/TibbsChrisDet2023-24.pdf; https://www.assembly.nl.ca/Members/Expenses/Reports/Apr2024-Mar2025/ForseyPleamanDet2024-25.pdf; https://www.assembly.nl.ca/Members/Expenses/Reports/Apr2024-Mar2025/TibbsChrisDet2024-25.pdf; https://www.assembly.nl.ca/Members/Expenses/Reports/Apr2025-Mar2026/ForseyPleamanDet2025-26.pdf; https://www.assembly.nl.ca/Members/Expenses/Reports/Apr2025-Mar2026/TibbsChrisDet2025-26.pdf"
town of grand falls windsor,town of grand falls windsor [bn 108126749],108126749; 108126749RP0001; 108126749RP0002; 108126749RT0001,A2A1C3; A2A2B7; A2A2J8,grand falls windsor,conflicting identifiers and disjoint postal evidence,"https://donnees-data.tpsgc-pwgsc.gc.ca/ba1/pt-tp/pt-tp-2022.csv; https://donnees-data.tpsgc-pwgsc.gc.ca/ba1/pt-tp/pt-tp-2023.csv; https://donnees-data.tpsgc-pwgsc.gc.ca/ba1/pt-tp/pt-tp-2024.csv; https://donnees-data.tpsgc-pwgsc.gc.ca/ba1/pt-tp/pt-tp-2025.csv; https://search.open.canada.ca/grants/record/acoa-apeca,276-2006-2007-Q1-00060,current; https://search.open.canada.ca/grants/record/acoa-apeca,276-2006-2007-Q3-00042,current; https://search.open.canada.ca/grants/record/acoa-apeca,276-2008-2009-Q2-00025,current; https://search.open.canada.ca/grants/record/acoa-apeca,276-2009-2010-Q1-00103,current; https://search.open.canada.ca/grants/record/acoa-apeca,276-2009-2010-Q1-00106,current; https://search.open.canada.ca/grants/record/acoa-apeca,276-2010-2011-Q4-00127,current; https://search.open.canada.ca/grants/record/acoa-apeca,276-2012-2013-Q2-00056,current; https://search.open.canada.ca/grants/record/acoa-apeca,276-2012-2013-Q2-00069,current; https://search.open.canada.ca/grants/record/acoa-apeca,276-2012-2013-Q3-00105,current; https://search.open.canada.ca/grants/record/acoa-apeca,276-2016-2017-Q1-00041,current; https://search.open.canada.ca/grants/record/acoa-apeca,276-2016-2017-Q3-00112,current; https://search.open.canada.ca/grants/record/acoa-apeca,276-2018-2019-Q4-00083,current; https://search.open.canada.ca/grants/record/acoa-apeca,276-2019-2020-Q1-00388,current; https://search.open.canada.ca/grants/record/acoa-apeca,276-2019-2020-Q2-00538,current; https://search.open.canada.ca/grants/record/acoa-apeca,276-2021-2022-Q2-00434,current; https://search.open.canada.ca/grants/record/acoa-apeca,276-2021-2022-Q3-00116,current; https://search.open.canada.ca/grants/record/acoa-apeca,276-2022-2023-Q2-00220,current; https://search.open.canada.ca/grants/record/acoa-apeca,276-2024-2025-Q3-00100,current; https://search.open.canada.ca/grants/record/acoa-apeca,276-2024-2025-Q4-00006,current; https://search.open.canada.ca/grants/record/acoa-apeca,276-2026-2027-Q1-00210,current; https://search.open.canada.ca/grants/record/esdc-edsc,014-2024-2025-Q4-00139,current; https://search.open.canada.ca/grants/record/esdc-edsc,014-2025-2026-Q2-02795,current; https://search.open.canada.ca/grants/record/esdc-edsc,141-2018-2019-Q1-05851,current; https://search.open.canada.ca/grants/record/esdc-edsc,141-2018-2019-Q4-01022,current; https://search.open.canada.ca/grants/record/esdc-edsc,141-2019-2020-Q1-11636,current; https://search.open.canada.ca/grants/record/esdc-edsc,141-2020-2021-Q1-00026,current; https://search.open.canada.ca/grants/record/esdc-edsc,141-2020-2021-Q4-02341,current; https://search.open.canada.ca/grants/record/esdc-edsc,141-2021-2022-Q2-07041,current; https://search.open.canada.ca/grants/record/esdc-edsc,141-2022-2023-Q2-16083,current; https://search.open.canada.ca/grants/record/esdc-edsc,141-2023-2024-Q2-01622,current; https://search.open.canada.ca/grants/record/esdc-edsc,141-2024-2025-Q2-00849,current; https://search.open.canada.ca/grants/record/esdc-edsc,GC-2014-Q1-00235,current; https://search.open.canada.ca/grants/record/ic,033-2006-2007-Q1-499764,current"
town of grand falls windsor,town of grand falls windsor [bn 122184484],122184484RT0001,A2A2J3,,conflicting identifiers and disjoint postal evidence,"https://search.open.canada.ca/grants/record/esdc-edsc,141-2020-2021-Q4-04206,current"
united church of canada,united church of canada,,,,unnumbered records cannot be uniquely assigned to located pieces,"https://search.open.canada.ca/grants/record/esdc-edsc,GC-2014-Q4-00207,current"
united church of canada,united church of canada [bn 106777014],106777014RP0001,A0A1X0,clarkes beach,conflicting identifiers and disjoint postal evidence,"https://search.open.canada.ca/grants/record/esdc-edsc,141-2019-2020-Q1-10521,current"
united church of canada,united church of canada [bn 872937693],872937693RP0001,A0G4M0,twillingate,conflicting identifiers and disjoint postal evidence,"https://search.open.canada.ca/grants/record/esdc-edsc,141-2018-2019-Q1-08979,current; https://search.open.canada.ca/grants/record/esdc-edsc,141-2019-2020-Q1-15585,current"
