normalized_name,printed_names,identity_node,supplier_key,business_numbers,postal_codes,datasets,records,included_value,shown_value,source_references
coleys point grace united community of faith,Coley's Point Grace United Community of Faith,coleys point grace united community of faith [bn 106777014],coleys point grace united community of faith [bn 106777014],106777014RP0001,A0A3C0,fed_grant,1,3832.0,3832.0,141-2021-2022-Q2-01914
coleys point grace united community of faith,Coley's Point Grace United Community of Faith,coleys point grace united community of faith [bn 802373589],coleys point grace united community of faith [bn 802373589],802373589RP0001,A0A1X0,fed_grant,1,3605.0,3605.0,141-2022-2023-Q2-04128
governing council of salvation army,The Governing Council of The Salvation Army; The Governing Council of the Salvation Army,governing council of salvation army [bn 107951618RR0038],governing council of salvation army [bn 107951618RR0038],107951618RR0038,A1C0A4,fed_grant,2,6041.0,6041.0,141-2018-2019-Q1-07596; 141-2019-2020-Q1-14681
governing council of salvation army,The Governing Council of The Salvation Army; The Governing Council of The Salvation army,governing council of salvation army [bn 107951618RR0067],governing council of salvation army [bn 107951618RR0067],107951618RR0067,A0J1R0,fed_grant,4,17812.0,17812.0,014-2025-2026-Q2-04091; 141-2022-2023-Q2-17199; 141-2023-2024-Q2-00820; 141-2024-2025-Q2-04472
governing council of salvation army,The Governing Council of The Salvation Army; The Governing Council of the salvation Army,governing council of salvation army [bn 107951618RR0077],governing council of salvation army [bn 107951618RR0077],107951618RR0077,A2H7J5,fed_grant,8,34767.0,34767.0,014-2025-2026-Q2-01096; 141-2019-2020-Q1-10569; 141-2020-2021-Q4-02767; 141-2021-2022-Q2-01682; 141-2021-2022-Q2-02802; 141-2022-2023-Q2-08281; 141-2023-2024-Q2-03187; 141-2024-2025-Q2-02353
governing council of salvation army,The Governing Council Of The Salvation Army; The Governing Council of The Salvation Army,governing council of salvation army [bn 107951618RR0089],governing council of salvation army [bn 107951618RR0089],107951618RR0089,A0E1W0,fed_grant,5,14697.0,14697.0,141-2018-2019-Q1-18115; 141-2019-2020-Q1-11583; 141-2020-2021-Q4-04040; 141-2021-2022-Q2-03518; 141-2022-2023-Q2-06822
governing council of salvation army,The Governing Council of The Salvation Army,governing council of salvation army [bn 107951618RR0456],governing council of salvation army [bn 107951618RR0456],107951618RR0456,A0B1A0,fed_grant,2,7669.0,7669.0,141-2020-2021-Q4-04186; 141-2021-2022-Q2-03368
governing council of salvation army,The Governing Council of The Salvation Army,governing council of salvation army [bn 107951618RR0510],governing council of salvation army [bn 107951618RR0510],107951618RR0510,A2A1A9,fed_grant,1,4808.0,4808.0,141-2024-2025-Q2-04115
governing council of salvation army,The Governing Council of The Salvation Army; The Governing Council of the Salvation Army,governing council of salvation army [bn 107951618],governing council of salvation army [bn 107951618],107951618; 107951618RT0510,A1C0A4; A1C4Z1,fed_grant,2,21518.0,21518.0,141-2018-2019-Q1-26999; 235-2020-2021-Q4-00195
governing council of salvation army in canada,The Governing Council of the Salvation Army in Canada,governing council of salvation army in canada,governing council of salvation army in canada,,,fed_grant,2,137124.0,137124.0,GC-2006-Q4-00187; GC-2008-Q4-00153
governing council of salvation army in canada,The Governing Council of The Salvation Army in Canada; The Governing Council of the Salvation Army in Canada,governing council of salvation army in canada [bn 107951618RR0038],governing council of salvation army in canada [bn 107951618RR0038],107951618RR0038,A1C0A4; A1E2R1,fed_grant,6,61629.0,61629.0,014-2025-2026-Q2-02087; 141-2020-2021-Q4-02800; 141-2021-2022-Q2-01244; 141-2022-2023-Q2-07544; 141-2023-2024-Q2-00812; 141-2024-2025-Q2-01546
governing council of salvation army in canada,The Governing Council of The Salvation Army in Canada,governing council of salvation army in canada [bn 107951618RR0043],governing council of salvation army in canada [bn 107951618RR0043],107951618RR0043,A0B1A0,fed_grant,1,4931.0,4931.0,014-2025-2026-Q2-04368
governing council of salvation army in canada,The Governing Council of the Salvation Army in Canada,governing council of salvation army in canada [bn 107951618RR0072],governing council of salvation army in canada [bn 107951618RR0072],107951618RR0072,A5A4C4,fed_grant,1,4808.0,4808.0,141-2024-2025-Q2-03944
governing council of salvation army in canada,The Governing Council of The Salvation Army in Canada,governing council of salvation army in canada [bn 107951618RR0077],governing council of salvation army in canada [bn 107951618RR0077],107951618RR0077,A2H4B4,fed_grant,2,10100.0,10100.0,014-2025-2026-Q2-00683; 141-2024-2025-Q2-01713
governing council of salvation army in canada,The Governing Council of The Salvation Army in Canada,governing council of salvation army in canada [bn 107951618RR0088],governing council of salvation army in canada [bn 107951618RR0088],107951618RR0088,A2A2J3,fed_grant,1,3236.0,3236.0,141-2020-2021-Q4-04471
governing council of salvation army in canada,The Governing Council of The Salvation Army in Canada,governing council of salvation army in canada [bn 107951618RR0089],governing council of salvation army in canada [bn 107951618RR0089],107951618RR0089,A0E1W0,fed_grant,1,4383.0,4383.0,014-2025-2026-Q2-01069
governing council of salvation army in canada,The Governing Council of The Salvation Army in Canada,governing council of salvation army in canada [bn 107951618RR0093],governing council of salvation army in canada [bn 107951618RR0093],107951618RR0093,A0E1G0,fed_grant,1,4055.0,4055.0,141-2022-2023-Q2-20650
governing council of salvation army in canada,The Governing Council of The Salvation Army in Canada,governing council of salvation army in canada [bn 107951618RR0127],governing council of salvation army in canada [bn 107951618RR0127],107951618RR0127,A2N3A3,fed_grant,1,3973.0,3973.0,141-2021-2022-Q2-04088
governing council of salvation army in canada,The Governing Council of The Salvation Army in Canada,governing council of salvation army in canada [bn 107951618RR0457],governing council of salvation army in canada [bn 107951618RR0457],107951618RR0457,A1N1G5; A1N2C4,fed_grant,3,14733.0,14733.0,014-2025-2026-Q2-01209; 141-2023-2024-Q2-02344; 141-2024-2025-Q2-00687
governing council of salvation army in canada,The Governing Council of The Salvation Army in Canada; The Governing Council of the Salvation Army in Canada,governing council of salvation army in canada [bn 107951618],governing council of salvation army in canada [bn 107951618],107951618; 107951618RT0047; 107951618RT0108; 107951618RT0510,A0N1K0; A1E4N1; A2A2J3; A2B1C7,fed_grant,17,207069.0,207069.0,014-2025-2026-Q2-02421; 014-2025-2026-Q2-03539; 141-2018-2019-Q1-13664; 141-2018-2019-Q1-13719; 141-2018-2019-Q1-19286; 141-2019-2020-Q1-14663; 141-2019-2020-Q1-14720; 141-2019-2020-Q1-14761; 141-2021-2022-Q2-02488; 141-2021-2022-Q2-03347; 141-2021-2022-Q2-04244; 141-2022-2023-Q2-01670; 141-2023-2024-Q2-03079; 141-2024-2025-Q2-03457; 141-2024-2025-Q2-03516; 141-2024-2025-Q2-04254; 235-2020-2021-Q4-00266
grand falls windsor community garden,Grand Falls-Windsor Community Garden Inc.,grand falls windsor community garden [bn 745282673],grand falls windsor community garden [bn 745282673],745282673RP0001,A2A2B3,fed_grant,1,3696.0,3696.0,141-2020-2021-Q4-04222
grand falls windsor community garden,Grand Falls-Windsor Community Garden,grand falls windsor community garden [bn 764198602],grand fall windsor community garden,764198602RP0001,A2A2V9,fed_grant,1,4206.0,4206.0,141-2022-2023-Q2-12527
hangout vr games cafe,The Hangout VR Games Cafe Inc,hangout vr games cafe [bn 719591000],hangout vr games cafe [bn 719591000],719591000RT0001,A1L0R9,fed_grant,1,3802.0,3802.0,141-2022-2023-Q2-06477
hangout vr games cafe,The Hangout VR Games Cafe Inc,hangout vr games cafe [bn 787927078],hangout vr games cafe [bn 787927078],787927078RP0001,A1W3A1,fed_grant,1,4503.0,4503.0,141-2021-2022-Q2-05419
johnson geo centre,Johnson GEO CENTRE,johnson geo centre [bn 107690273RR0001],johnson geo centre [bn 107690273RR0001],107690273RR0001,A1A1B2,fed_grant,1,8208.0,8208.0,141-2019-2020-Q1-14775
johnson geo centre,Johnson GEO CENTRE,johnson geo centre [bn 892350612RR0001],johnson geo centre [bn 892350612RR0001],892350612RR0001,A1A1B2,fed_grant,1,17912.0,17912.0,141-2018-2019-Q1-13169
local service district development committee,Local Service District Development Committee,local service district development committee [bn 865502488],local service district development committee [bn 865502488],865502488RP0001,A0K1W0,fed_grant,3,16081.0,16081.0,141-2020-2021-Q4-04368; 141-2021-2022-Q2-02767; 141-2022-2023-Q2-25164
local service district development committee,Local Service District Development Committee,local service district development committee [bn 893006064],local service district development committee [bn 893006064],893006064RP0001,A0K1W0,fed_grant,6,25457.0,25457.0,014-2025-2026-Q2-03874; 141-2019-2020-Q1-10213; 141-2020-2021-Q4-04364; 141-2021-2022-Q2-02765; 141-2023-2024-Q2-04136; 141-2024-2025-Q2-02777
memorial united church,Memorial United Church,memorial united church [bn 107690240],memorial united church [bn 107690240],107690240RP0001,A0C1B0,fed_grant,5,17061.0,17061.0,141-2018-2019-Q1-12234; 141-2019-2020-Q1-09877; 141-2021-2022-Q2-00914; 141-2022-2023-Q2-08853; 141-2023-2024-Q2-03756
memorial united church,Memorial United Church,memorial united church [bn 888270592],memorial united church [bn 888270592],888270592RP0001,A2A2T9,fed_grant,1,2830.0,2830.0,141-2018-2019-Q1-19004
parish of hearts content,Parish of Heart's Content,parish of hearts content [bn 119229896RR0021],parish of hearts content [bn 119229896RR0021],119229896RR0021,A0B3M0,fed_grant,1,2291.0,2291.0,141-2019-2020-Q1-15787
parish of hearts content,Parish of Heart's Content,parish of hearts content [bn 119229896RR0045],parish of hearts content [bn 119229896RR0045],119229896RR0045,A0A4E0,fed_grant,1,3696.0,3696.0,141-2020-2021-Q4-04244
roman catholic episcopal,The Roman Catholic Episcopal Corp; The Roman Catholic Episcopal Corp.; The Roman Catholic Episcopal Corporation,roman catholic episcopal [bn 107876468],roman catholic episcopal of grand falls,107876468RP0020; 107876468RP0028,A0G3M0; A0K1B0,fed_grant,5,16449.0,16449.0,141-2019-2020-Q1-09570; 141-2019-2020-Q1-09571; 141-2019-2020-Q1-09572; 141-2019-2020-Q1-13406; 141-2021-2022-Q2-03025
roman catholic episcopal,Roman Catholic Episcopal Corporation; Roman catholic Episcopal Corporation,roman catholic episcopal [bn 107910176],roman catholic episcopal [bn 107910176],107910176RR0035; 107910176RT0001,A0E2M0; A1N2C4; A1N3J2,fed_grant,4,19538.0,19538.0,141-2019-2020-Q1-13218; 141-2020-2021-Q4-03889; 141-2020-2021-Q4-04451; 141-2020-2021-Q4-21774
rowing newfoundland,Rowing Newfoundland,rowing newfoundland [bn 850574039],rowing newfoundland [bn 850574039],850574039RP0001,A1B4R1,fed_grant,3,47502.0,47502.0,141-2020-2021-Q4-03614; 141-2021-2022-Q2-02921; 141-2022-2023-Q2-24657
rowing newfoundland,Rowing Newfoundland,rowing newfoundland [bn 893497479],rowing newfoundland [bn 893497479],893497479RP0002,A1W4C5,fed_grant,1,8958.0,8958.0,141-2018-2019-Q1-31308
royal canadian legion,ROYAL CANADIAN LEGION; Royal Canadian Legion; The Royal Canadian Legion,royal canadian legion,royal canadian legion,,A2A1H7,fed_grant; mha,5,5637.93,5637.93,016-2020-2021-Q2-1335349
royal canadian legion,Royal Canadian Legion,royal canadian legion [bn 107930836],royal canadian legion [bn 107930836],107930836RT0001,A0A1G0,fed_grant,2,27986.0,27986.0,141-2018-2019-Q1-25650; 141-2018-2019-Q4-00864
royal canadian legion,Royal Canadian Legion,royal canadian legion [bn 107933061],royal canadian legion [bn 107933061],107933061RT0001,A1X6Y7,fed_grant,1,4808.0,4808.0,141-2024-2025-Q2-01687
salvation army,Salvation Army,salvation army,salvation army,,,mha,1,87.72,87.72,
salvation army,The Salvation Army,salvation army [bn 107951618RR0089],salvation army [bn 107951618RR0089],107951618RR0089,A0E1W0,fed_grant,1,4633.0,4633.0,141-2023-2024-Q2-02569
salvation army,The Salvation Army,salvation army [bn 107951618RR0434],salvation army [bn 107951618RR0434],107951618RR0434,A0G2P0,fed_grant,5,18852.0,18852.0,141-2018-2019-Q1-09106; 141-2019-2020-Q1-12140; 141-2021-2022-Q2-03344; 141-2022-2023-Q2-09560; 141-2023-2024-Q2-01477
salvation army,The Salvation Army,salvation army [bn 107951618RR0441],salvation army [bn 107951618RR0441],107951618RR0441,A8A1E1,fed_grant,1,4633.0,4633.0,141-2023-2024-Q2-03778
salvation army,The Salvation Army,salvation army [bn 107951618],salvation army [bn 107951618],107951618RP0441; 107951618RT0510,A2A2P9; A8A1E1,fed_grant,2,7092.0,7092.0,141-2019-2020-Q1-11644; 141-2021-2022-Q2-04024
salvation army heritage park temple corps,The Salvation Army Heritage Park Temple Corps,salvation army heritage park temple corps [bn 107951618RR0043],salvation army heritage park temple corps [bn 107951618RR0043],107951618RR0043,A0B1A0,fed_grant,1,4987.0,4987.0,141-2024-2025-Q2-02545
salvation army heritage park temple corps,The Salvation Army Heritage Park Temple Corps,salvation army heritage park temple corps [bn 107951618RR0441],salvation army heritage park temple corps [bn 107951618RR0441],107951618RR0441,A8A1E1,fed_grant,1,4987.0,4987.0,141-2024-2025-Q2-04322
town of grand falls windsor,TOWN OF GRAND FALLS- WINDSOR; Town of Grand Falls-Windsor,town of grand falls windsor,town of grand falls windsor,,,fed_grant; mha,22,15392415.35,15392415.35,278-2024-2025-Q4-00256
town of grand falls windsor,Town Of Grand Falls-Windsor; Town of Grand Falls - Windsor; Town of Grand Falls- Windsor; Town of Grand Falls-Windsor,town of grand falls windsor [bn 108126749],town of grand falls windsor [bn 108126749],108126749; 108126749RP0001; 108126749RP0002; 108126749RT0001,A2A1C3; A2A2B7; A2A2J8,fed_grant; pa_tp,42,19907741.97,28465582.97,014-2024-2025-Q4-00139; 014-2025-2026-Q2-02795; 033-2006-2007-Q1-499764; 141-2018-2019-Q1-05851; 141-2018-2019-Q4-01022; 141-2019-2020-Q1-11636; 141-2020-2021-Q1-00026; 141-2020-2021-Q4-02341; 141-2021-2022-Q2-07041; 141-2022-2023-Q2-16083; 141-2023-2024-Q2-01622; 141-2024-2025-Q2-00849; 276-2006-2007-Q1-00060; 276-2006-2007-Q3-00042; 276-2008-2009-Q2-00025; 276-2009-2010-Q1-00103; 276-2009-2010-Q1-00106; 276-2010-2011-Q4-00127; 276-2012-2013-Q2-00056; 276-2012-2013-Q2-00069; 276-2012-2013-Q3-00105; 276-2016-2017-Q1-00041; 276-2016-2017-Q3-00112; 276-2018-2019-Q4-00083; 276-2019-2020-Q1-00388; 276-2019-2020-Q2-00538; 276-2021-2022-Q2-00434; 276-2021-2022-Q3-00116; 276-2022-2023-Q2-00220; 276-2024-2025-Q3-00100; 276-2024-2025-Q4-00006; 276-2026-2027-Q1-00210; GC-2014-Q1-00235
town of grand falls windsor,Town of Grand Falls- Windsor,town of grand falls windsor [bn 122184484],town of grand falls windsor [bn 122184484],122184484RT0001,A2A2J3,fed_grant,1,4753.0,4753.0,141-2020-2021-Q4-04206
united church of canada,The United Church of Canada,united church of canada,united church of canada,,,fed_grant,1,36885.0,36885.0,GC-2014-Q4-00207
united church of canada,United Church of Canada,united church of canada [bn 106777014],united church of canada [bn 106777014],106777014RP0001,A0A1X0,fed_grant,1,2291.0,2291.0,141-2019-2020-Q1-10521
united church of canada,United Church of Canada,united church of canada [bn 872937693],united church of canada [bn 872937693],872937693RP0001,A0G4M0,fed_grant,2,6040.0,6040.0,141-2018-2019-Q1-08979; 141-2019-2020-Q1-15585
