record_id,printed_supplier,before_supplier_key,after_supplier_key,dataset,amount,included_in_headline,source_url,source_file,locator
fed_grant-060f70566b35,The Governing Council of The Salvation Army in Canada,governing council of salvation army in canada,governing council of salvation army in canada [bn 107951618],fed_grant,4987.00,True,"https://search.open.canada.ca/grants/record/esdc-edsc,141-2024-2025-Q2-04254,current",federal/grants_NL.jsonl,"agreement 141-2024-2025-Q2-04254, amendment 0"
fed_grant-09f44572f447,The Governing Council of The Salvation Army in Canada,governing council of salvation army in canada,governing council of salvation army in canada [bn 107951618],fed_grant,10226.00,True,"https://search.open.canada.ca/grants/record/esdc-edsc,014-2025-2026-Q2-02421,current",federal/grants_NL.jsonl,"agreement 014-2025-2026-Q2-02421, amendment 0"
fed_grant-0a6af893da6b,The Salvation Army,salvation army,salvation army [bn 107951618],fed_grant,3973.00,True,"https://search.open.canada.ca/grants/record/esdc-edsc,141-2021-2022-Q2-04024,current",federal/grants_NL.jsonl,"agreement 141-2021-2022-Q2-04024, amendment 0"
fed_grant-0b7fafbe9333,Town of Grand Falls-Windsor,town of grand falls windsor,town of grand falls windsor [bn 108126749],fed_grant,66968.00,True,"https://search.open.canada.ca/grants/record/acoa-apeca,276-2008-2009-Q2-00025,current",federal/grants_NL.jsonl,"agreement 276-2008-2009-Q2-00025, amendment 0"
fed_grant-0d29dab953dc,The Roman Catholic Episcopal Corp.,roman catholic episcopal,roman catholic episcopal of grand falls,fed_grant,3119.00,True,"https://search.open.canada.ca/grants/record/esdc-edsc,141-2019-2020-Q1-09570,current",federal/grants_NL.jsonl,"agreement 141-2019-2020-Q1-09570, amendment 0"
fed_grant-106f757d731a,The Salvation Army,salvation army,salvation army [bn 107951618RR0441],fed_grant,4633.00,True,"https://search.open.canada.ca/grants/record/esdc-edsc,141-2023-2024-Q2-03778,current",federal/grants_NL.jsonl,"agreement 141-2023-2024-Q2-03778, amendment 0"
fed_grant-11bfbe04993e,Memorial United Church,memorial united church,memorial united church [bn 888270592],fed_grant,2830.00,True,"https://search.open.canada.ca/grants/record/esdc-edsc,141-2018-2019-Q1-19004,current",federal/grants_NL.jsonl,"agreement 141-2018-2019-Q1-19004, amendment 0"
fed_grant-12e18171bfb6,Town of Grand Falls-Windsor,town of grand falls windsor,town of grand falls windsor [bn 108126749],fed_grant,17112.00,True,"https://search.open.canada.ca/grants/record/acoa-apeca,276-2018-2019-Q4-00083,current",federal/grants_NL.jsonl,"agreement 276-2018-2019-Q4-00083, amendment 0"
fed_grant-1455dab419d5,The Governing Council of The Salvation Army,governing council of salvation army,governing council of salvation army [bn 107951618RR0089],fed_grant,3406.00,True,"https://search.open.canada.ca/grants/record/esdc-edsc,141-2021-2022-Q2-03518,current",federal/grants_NL.jsonl,"agreement 141-2021-2022-Q2-03518, amendment 0"
fed_grant-16896c20c5d8,The Governing Council of the Salvation Army in Canada,governing council of salvation army in canada,governing council of salvation army in canada [bn 107951618RR0038],fed_grant,10226.00,True,"https://search.open.canada.ca/grants/record/esdc-edsc,014-2025-2026-Q2-02087,current",federal/grants_NL.jsonl,"agreement 014-2025-2026-Q2-02087, amendment 0"
fed_grant-181912023588,Indigenous Tourism Cultural Heritage Association,indigenous tourism cultural heritage association,indigenous tourism culture heritage association,fed_grant,4633.00,True,"https://search.open.canada.ca/grants/record/esdc-edsc,141-2023-2024-Q2-04389,current",federal/grants_NL.jsonl,"agreement 141-2023-2024-Q2-04389, amendment 0"
fed_grant-18509e96225f,The Governing Council of The Salvation Army in Canada,governing council of salvation army in canada,governing council of salvation army in canada [bn 107951618RR0043],fed_grant,4931.00,True,"https://search.open.canada.ca/grants/record/esdc-edsc,014-2025-2026-Q2-04368,current",federal/grants_NL.jsonl,"agreement 014-2025-2026-Q2-04368, amendment 0"
fed_grant-18a96661494d,The Governing Council of The Salvation Army in Canada,governing council of salvation army in canada,governing council of salvation army in canada [bn 107951618],fed_grant,2674.00,True,"https://search.open.canada.ca/grants/record/esdc-edsc,141-2019-2020-Q1-14761,current",federal/grants_NL.jsonl,"agreement 141-2019-2020-Q1-14761, amendment 0"
fed_grant-18c6547b304b,The Salvation Army,salvation army,salvation army [bn 107951618RR0434],fed_grant,2985.00,True,"https://search.open.canada.ca/grants/record/esdc-edsc,141-2018-2019-Q1-09106,current",federal/grants_NL.jsonl,"agreement 141-2018-2019-Q1-09106, amendment 0"
fed_grant-1a9e05018217,Roman Catholic Episcopal Corporation,roman catholic episcopal,roman catholic episcopal [bn 107910176],fed_grant,3168.00,True,"https://search.open.canada.ca/grants/record/esdc-edsc,141-2020-2021-Q4-03889,current",federal/grants_NL.jsonl,"agreement 141-2020-2021-Q4-03889, amendment 0"
fed_grant-1c1a88263643,The Governing Council of The Salvation Army,governing council of salvation army,governing council of salvation army [bn 107951618RR0067],fed_grant,3605.00,True,"https://search.open.canada.ca/grants/record/esdc-edsc,141-2022-2023-Q2-17199,current",federal/grants_NL.jsonl,"agreement 141-2022-2023-Q2-17199, amendment 0"
fed_grant-1c3f15242aea,Roman Catholic Episcopal Corporation of St. John's,roman catholic episcopal,roman catholic episcopal [bn 107910176],fed_grant,3696.00,True,"https://search.open.canada.ca/grants/record/esdc-edsc,141-2020-2021-Q4-04513,current",federal/grants_NL.jsonl,"agreement 141-2020-2021-Q4-04513, amendment 0"
fed_grant-204dfbb418e1,Royal Canadian Legion,royal canadian legion,royal canadian legion [bn 107930836],fed_grant,25000.00,True,"https://search.open.canada.ca/grants/record/esdc-edsc,141-2018-2019-Q4-00864,current",federal/grants_NL.jsonl,"agreement 141-2018-2019-Q4-00864, amendment 0"
fed_grant-236ba6706965,Memorial United Church,memorial united church,memorial united church [bn 107690240],fed_grant,4633.00,True,"https://search.open.canada.ca/grants/record/esdc-edsc,141-2023-2024-Q2-03756,current",federal/grants_NL.jsonl,"agreement 141-2023-2024-Q2-03756, amendment 0"
fed_grant-237a59cfa5c3,The Hangout VR Games Cafe Inc,hangout vr games cafe,hangout vr games cafe [bn 787927078],fed_grant,4503.00,True,"https://search.open.canada.ca/grants/record/esdc-edsc,141-2021-2022-Q2-05419,current",federal/grants_NL.jsonl,"agreement 141-2021-2022-Q2-05419, amendment 0"
fed_grant-26035d19648a,The Governing Council of The Salvation Army,governing council of salvation army,governing council of salvation army [bn 107951618RR0077],fed_grant,4583.00,True,"https://search.open.canada.ca/grants/record/esdc-edsc,141-2019-2020-Q1-10569,current",federal/grants_NL.jsonl,"agreement 141-2019-2020-Q1-10569, amendment 0"
fed_grant-286344ce3594,Rowing Newfoundland,rowing newfoundland,rowing newfoundland [bn 850574039],fed_grant,16822.00,True,"https://search.open.canada.ca/grants/record/esdc-edsc,141-2022-2023-Q2-24657,current",federal/grants_NL.jsonl,"agreement 141-2022-2023-Q2-24657, amendment 0"
fed_grant-2a1e15cf469c,Town of Grand Falls-Windsor,town of grand falls windsor,town of grand falls windsor [bn 108126749],fed_grant,185915.00,True,"https://search.open.canada.ca/grants/record/acoa-apeca,276-2006-2007-Q1-00060,current",federal/grants_NL.jsonl,"agreement 276-2006-2007-Q1-00060, amendment 1"
fed_grant-2b0f2e9373fe,The Governing Council of The Salvation Army in Canada,governing council of salvation army in canada,governing council of salvation army in canada [bn 107951618],fed_grant,5972.00,True,"https://search.open.canada.ca/grants/record/esdc-edsc,141-2018-2019-Q1-13719,current",federal/grants_NL.jsonl,"agreement 141-2018-2019-Q1-13719, amendment 0"
fed_grant-2dcab059aeb8,The Governing Council of the salvation Army,governing council of salvation army,governing council of salvation army [bn 107951618RR0077],fed_grant,3973.00,True,"https://search.open.canada.ca/grants/record/esdc-edsc,141-2021-2022-Q2-02802,current",federal/grants_NL.jsonl,"agreement 141-2021-2022-Q2-02802, amendment 0"
fed_grant-2efb1750fc30,Local Service District Development Committee,local service district development committee,local service district development committee [bn 893006064],fed_grant,5113.00,True,"https://search.open.canada.ca/grants/record/esdc-edsc,014-2025-2026-Q2-03874,current",federal/grants_NL.jsonl,"agreement 014-2025-2026-Q2-03874, amendment 0"
fed_grant-302722459504,The Governing Council of the Salvation Army in Canada,governing council of salvation army in canada,governing council of salvation army in canada [bn 107951618RR0072],fed_grant,4808.00,True,"https://search.open.canada.ca/grants/record/esdc-edsc,141-2024-2025-Q2-03944,current",federal/grants_NL.jsonl,"agreement 141-2024-2025-Q2-03944, amendment 0"
fed_grant-3250c88644d3,Town of Grand Falls-Windsor,town of grand falls windsor,town of grand falls windsor [bn 108126749],fed_grant,211856.00,True,"https://search.open.canada.ca/grants/record/acoa-apeca,276-2019-2020-Q1-00388,current",federal/grants_NL.jsonl,"agreement 276-2019-2020-Q1-00388, amendment 1"
fed_grant-33847667e642,Town of Grand Falls - Windsor,town of grand falls windsor,town of grand falls windsor [bn 108126749],fed_grant,20160.00,True,"https://search.open.canada.ca/grants/record/esdc-edsc,014-2025-2026-Q2-02795,current",federal/grants_NL.jsonl,"agreement 014-2025-2026-Q2-02795, amendment 1"
fed_grant-340ff2508109,Local Service District Development Committee,local service district development committee,local service district development committee [bn 893006064],fed_grant,3055.00,True,"https://search.open.canada.ca/grants/record/esdc-edsc,141-2019-2020-Q1-10213,current",federal/grants_NL.jsonl,"agreement 141-2019-2020-Q1-10213, amendment 0"
fed_grant-38135f045d65,Town of Grand Falls-Windsor,town of grand falls windsor,town of grand falls windsor [bn 108126749],fed_grant,330967.00,True,"https://search.open.canada.ca/grants/record/acoa-apeca,276-2019-2020-Q2-00538,current",federal/grants_NL.jsonl,"agreement 276-2019-2020-Q2-00538, amendment 1"
fed_grant-3be2b3d5c258,The Salvation Army Governing Council of Canada,governing council of salvation army,salvation army governing council of canada,fed_grant,2986.00,True,"https://search.open.canada.ca/grants/record/esdc-edsc,141-2018-2019-Q1-12029,current",federal/grants_NL.jsonl,"agreement 141-2018-2019-Q1-12029, amendment 0"
fed_grant-3f772cfc307a,Roman Catholic Episcopal Corporation of St. John's,roman catholic episcopal,roman catholic episcopal [bn 107910176],fed_grant,3055.00,True,"https://search.open.canada.ca/grants/record/esdc-edsc,141-2019-2020-Q1-13681,current",federal/grants_NL.jsonl,"agreement 141-2019-2020-Q1-13681, amendment 0"
fed_grant-40663591bccf,The Governing Council of The Salvation Army in Canada,governing council of salvation army in canada,governing council of salvation army in canada [bn 107951618RR0077],fed_grant,4987.00,True,"https://search.open.canada.ca/grants/record/esdc-edsc,141-2024-2025-Q2-01713,current",federal/grants_NL.jsonl,"agreement 141-2024-2025-Q2-01713, amendment 0"
fed_grant-418ab1ad5c0b,The Salvation Army Heritage Park Temple Corps,salvation army heritage park temple corps,salvation army heritage park temple corps [bn 107951618RR0441],fed_grant,4987.00,True,"https://search.open.canada.ca/grants/record/esdc-edsc,141-2024-2025-Q2-04322,current",federal/grants_NL.jsonl,"agreement 141-2024-2025-Q2-04322, amendment 0"
fed_grant-43ba13fa5f21,Town of Grand Falls- Windsor,town of grand falls windsor,town of grand falls windsor [bn 122184484],fed_grant,4753.00,True,"https://search.open.canada.ca/grants/record/esdc-edsc,141-2020-2021-Q4-04206,current",federal/grants_NL.jsonl,"agreement 141-2020-2021-Q4-04206, amendment 0"
fed_grant-4555439d6779,The Salvation Army Heritage Park Temple Corps,salvation army heritage park temple corps,salvation army heritage park temple corps [bn 107951618RR0043],fed_grant,4987.00,True,"https://search.open.canada.ca/grants/record/esdc-edsc,141-2024-2025-Q2-02545,current",federal/grants_NL.jsonl,"agreement 141-2024-2025-Q2-02545, amendment 0"
fed_grant-46e3ade3dafa,Town of Grand Falls-Windsor,town of grand falls windsor,town of grand falls windsor [bn 108126749],fed_grant,24140.00,True,"https://search.open.canada.ca/grants/record/esdc-edsc,141-2019-2020-Q1-11636,current",federal/grants_NL.jsonl,"agreement 141-2019-2020-Q1-11636, amendment 0"
fed_grant-479f6af8dbbb,Local Service District Development Committee,local service district development committee,local service district development committee [bn 865502488],fed_grant,3696.00,True,"https://search.open.canada.ca/grants/record/esdc-edsc,141-2020-2021-Q4-04368,current",federal/grants_NL.jsonl,"agreement 141-2020-2021-Q4-04368, amendment 0"
fed_grant-481f23503b8e,The Governing Council of The Salvation Army in Canada,governing council of salvation army in canada,governing council of salvation army in canada [bn 107951618RR0038],fed_grant,9266.00,True,"https://search.open.canada.ca/grants/record/esdc-edsc,141-2023-2024-Q2-00812,current",federal/grants_NL.jsonl,"agreement 141-2023-2024-Q2-00812, amendment 0"
fed_grant-49995e99bd12,Local Service District Development Committee,local service district development committee,local service district development committee [bn 865502488],fed_grant,3973.00,True,"https://search.open.canada.ca/grants/record/esdc-edsc,141-2021-2022-Q2-02767,current",federal/grants_NL.jsonl,"agreement 141-2021-2022-Q2-02767, amendment 0"
fed_grant-4d15ee716079,The Governing Council of The Salvation Army in Canada,governing council of salvation army in canada,governing council of salvation army in canada [bn 107951618RR0077],fed_grant,5113.00,True,"https://search.open.canada.ca/grants/record/esdc-edsc,014-2025-2026-Q2-00683,current",federal/grants_NL.jsonl,"agreement 014-2025-2026-Q2-00683, amendment 0"
fed_grant-4d7250957db1,Royal Canadian Legion,royal canadian legion,royal canadian legion [bn 107930836],fed_grant,2986.00,True,"https://search.open.canada.ca/grants/record/esdc-edsc,141-2018-2019-Q1-25650,current",federal/grants_NL.jsonl,"agreement 141-2018-2019-Q1-25650, amendment 0"
fed_grant-4f9fa1004502,The Governing Council of The Salvation Army,governing council of salvation army,governing council of salvation army [bn 107951618RR0456],fed_grant,3696.00,True,"https://search.open.canada.ca/grants/record/esdc-edsc,141-2020-2021-Q4-04186,current",federal/grants_NL.jsonl,"agreement 141-2020-2021-Q4-04186, amendment 0"
fed_grant-5534a432b5aa,Town of Grand Falls-Windsor,town of grand falls windsor,town of grand falls windsor [bn 108126749],fed_grant,2786.00,True,"https://search.open.canada.ca/grants/record/acoa-apeca,276-2006-2007-Q3-00042,current",federal/grants_NL.jsonl,"agreement 276-2006-2007-Q3-00042, amendment 0"
fed_grant-59b87476e1d2,Grand Falls-Windsor Community Garden Inc.,grand falls windsor community garden,grand falls windsor community garden [bn 745282673],fed_grant,3696.00,True,"https://search.open.canada.ca/grants/record/esdc-edsc,141-2020-2021-Q4-04222,current",federal/grants_NL.jsonl,"agreement 141-2020-2021-Q4-04222, amendment 0"
fed_grant-5c50307a2257,Town of Grand Falls-Windsor,town of grand falls windsor,town of grand falls windsor [bn 108126749],fed_grant,104080.00,True,"https://search.open.canada.ca/grants/record/acoa-apeca,276-2022-2023-Q2-00220,current",federal/grants_NL.jsonl,"agreement 276-2022-2023-Q2-00220, amendment 0"
fed_grant-5cff40345947,The Governing Council of The Salvation Army,governing council of salvation army,governing council of salvation army [bn 107951618RR0089],fed_grant,2674.00,True,"https://search.open.canada.ca/grants/record/esdc-edsc,141-2019-2020-Q1-11583,current",federal/grants_NL.jsonl,"agreement 141-2019-2020-Q1-11583, amendment 0"
fed_grant-5dcae1191710,The Governing Council of the salvation Army,governing council of salvation army,governing council of salvation army [bn 107951618RR0077],fed_grant,5113.00,True,"https://search.open.canada.ca/grants/record/esdc-edsc,014-2025-2026-Q2-01096,current",federal/grants_NL.jsonl,"agreement 014-2025-2026-Q2-01096, amendment 0"
fed_grant-5e64734a3dba,Local Service District Development Committee,local service district development committee,local service district development committee [bn 893006064],fed_grant,3973.00,True,"https://search.open.canada.ca/grants/record/esdc-edsc,141-2021-2022-Q2-02765,current",federal/grants_NL.jsonl,"agreement 141-2021-2022-Q2-02765, amendment 0"
fed_grant-5f44c92d3d78,Town of Grand Falls-Windsor,town of grand falls windsor,town of grand falls windsor [bn 108126749],fed_grant,2000000.00,True,"https://search.open.canada.ca/grants/record/acoa-apeca,276-2009-2010-Q1-00106,current",federal/grants_NL.jsonl,"agreement 276-2009-2010-Q1-00106, amendment 0"
fed_grant-614ebb8c99ab,The Governing Council of The Salvation Army in Canada,governing council of salvation army in canada,governing council of salvation army in canada [bn 107951618RR0457],fed_grant,4987.00,True,"https://search.open.canada.ca/grants/record/esdc-edsc,141-2024-2025-Q2-00687,current",federal/grants_NL.jsonl,"agreement 141-2024-2025-Q2-00687, amendment 0"
fed_grant-62c1a7406b23,Town of Grand Falls-Windsor,town of grand falls windsor,town of grand falls windsor [bn 108126749],fed_grant,131303.00,True,"https://search.open.canada.ca/grants/record/acoa-apeca,276-2010-2011-Q4-00127,current",federal/grants_NL.jsonl,"agreement 276-2010-2011-Q4-00127, amendment 0"
fed_grant-647f04d144d5,The Governing Council of the salvation Army,governing council of salvation army,governing council of salvation army [bn 107951618RR0077],fed_grant,3973.00,True,"https://search.open.canada.ca/grants/record/esdc-edsc,141-2021-2022-Q2-01682,current",federal/grants_NL.jsonl,"agreement 141-2021-2022-Q2-01682, amendment 0"
fed_grant-651a70cabcff,The Governing Council of the Salvation Army,governing council of salvation army,governing council of salvation army [bn 107951618],fed_grant,18532.00,True,"https://search.open.canada.ca/grants/record/aafc-aac,235-2020-2021-Q4-00195,current",federal/grants_NL.jsonl,"agreement 235-2020-2021-Q4-00195, amendment 0"
fed_grant-6664fd6fae94,The Salvation Army,salvation army,salvation army [bn 107951618RR0434],fed_grant,3055.00,True,"https://search.open.canada.ca/grants/record/esdc-edsc,141-2019-2020-Q1-12140,current",federal/grants_NL.jsonl,"agreement 141-2019-2020-Q1-12140, amendment 0"
fed_grant-66a5ea7441ca,Town Of Grand Falls-Windsor,town of grand falls windsor,town of grand falls windsor [bn 108126749],fed_grant,1154.00,True,"https://search.open.canada.ca/grants/record/ic,033-2006-2007-Q1-499764,current",federal/grants_NL.jsonl,"agreement 033-2006-2007-Q1-499764, amendment 0"
fed_grant-674d82460334,The Salvation Army,salvation army,salvation army [bn 107951618RR0434],fed_grant,4206.00,True,"https://search.open.canada.ca/grants/record/esdc-edsc,141-2022-2023-Q2-09560,current",federal/grants_NL.jsonl,"agreement 141-2022-2023-Q2-09560, amendment 0"
fed_grant-690f6b2bed69,The Roman Catholic Episcopal Corp,roman catholic episcopal,roman catholic episcopal of grand falls,fed_grant,3973.00,True,"https://search.open.canada.ca/grants/record/esdc-edsc,141-2021-2022-Q2-03025,current",federal/grants_NL.jsonl,"agreement 141-2021-2022-Q2-03025, amendment 0"
fed_grant-69722973d13f,The Governing Council of The Salvation Army in Canada,governing council of salvation army in canada,governing council of salvation army in canada [bn 107951618RR0038],fed_grant,16824.00,True,"https://search.open.canada.ca/grants/record/esdc-edsc,141-2022-2023-Q2-07544,current",federal/grants_NL.jsonl,"agreement 141-2022-2023-Q2-07544, amendment 0"
fed_grant-69ee6fbbad90,Roman Catholic Episcopal Corporation,roman catholic episcopal,roman catholic episcopal [bn 107910176],fed_grant,10000.00,True,"https://search.open.canada.ca/grants/record/esdc-edsc,141-2020-2021-Q4-21774,current",federal/grants_NL.jsonl,"agreement 141-2020-2021-Q4-21774, amendment 1"
fed_grant-6e6e44fc66eb,Rowing Newfoundland and Labrador,rowing newfoundland,rowing newfoundland [bn 850574039],fed_grant,9165.00,True,"https://search.open.canada.ca/grants/record/esdc-edsc,141-2019-2020-Q1-14843,current",federal/grants_NL.jsonl,"agreement 141-2019-2020-Q1-14843, amendment 0"
fed_grant-6ff3ad7f7ea3,The Salvation Army,salvation army,salvation army [bn 107951618RR0434],fed_grant,4633.00,True,"https://search.open.canada.ca/grants/record/esdc-edsc,141-2023-2024-Q2-01477,current",federal/grants_NL.jsonl,"agreement 141-2023-2024-Q2-01477, amendment 0"
fed_grant-72566288efd8,The Governing Council of the salvation Army,governing council of salvation army,governing council of salvation army [bn 107951618RR0077],fed_grant,4987.00,True,"https://search.open.canada.ca/grants/record/esdc-edsc,141-2024-2025-Q2-02353,current",federal/grants_NL.jsonl,"agreement 141-2024-2025-Q2-02353, amendment 0"
fed_grant-731b1cc3d871,The Roman Catholic Episcopal Corp.,roman catholic episcopal,roman catholic episcopal of grand falls,fed_grant,3119.00,True,"https://search.open.canada.ca/grants/record/esdc-edsc,141-2019-2020-Q1-09572,current",federal/grants_NL.jsonl,"agreement 141-2019-2020-Q1-09572, amendment 0"
fed_grant-73866ffb0c8e,The Governing Council of The Salvation army,governing council of salvation army,governing council of salvation army [bn 107951618RR0067],fed_grant,4468.00,True,"https://search.open.canada.ca/grants/record/esdc-edsc,141-2023-2024-Q2-00820,current",federal/grants_NL.jsonl,"agreement 141-2023-2024-Q2-00820, amendment 0"
fed_grant-74bb74fe9a60,The Governing Council of the salvation Army,governing council of salvation army,governing council of salvation army [bn 107951618RR0077],fed_grant,3696.00,True,"https://search.open.canada.ca/grants/record/esdc-edsc,141-2020-2021-Q4-02767,current",federal/grants_NL.jsonl,"agreement 141-2020-2021-Q4-02767, amendment 0"
fed_grant-7875d668cbf8,The Salvation Army,salvation army,salvation army [bn 107951618],fed_grant,3119.00,True,"https://search.open.canada.ca/grants/record/esdc-edsc,141-2019-2020-Q1-11644,current",federal/grants_NL.jsonl,"agreement 141-2019-2020-Q1-11644, amendment 0"
fed_grant-790604e35ba5,Town of Grand Falls - Windsor,town of grand falls windsor,town of grand falls windsor [bn 108126749],fed_grant,9389.00,True,"https://search.open.canada.ca/grants/record/esdc-edsc,014-2024-2025-Q4-00139,current",federal/grants_NL.jsonl,"agreement 014-2024-2025-Q4-00139, amendment 1"
fed_grant-7a9791a047e6,Town of Grand Falls-Windsor,town of grand falls windsor,town of grand falls windsor [bn 108126749],fed_grant,34129.00,True,"https://search.open.canada.ca/grants/record/acoa-apeca,276-2021-2022-Q2-00434,current",federal/grants_NL.jsonl,"agreement 276-2021-2022-Q2-00434, amendment 1"
fed_grant-7aa39cafd188,Rowing Newfoundland,rowing newfoundland,rowing newfoundland [bn 850574039],fed_grant,14786.00,True,"https://search.open.canada.ca/grants/record/esdc-edsc,141-2020-2021-Q4-03614,current",federal/grants_NL.jsonl,"agreement 141-2020-2021-Q4-03614, amendment 0"
fed_grant-7c0122be62b0,Town of Grand Falls-Windsor,town of grand falls windsor,town of grand falls windsor [bn 108126749],fed_grant,494896.00,True,"https://search.open.canada.ca/grants/record/acoa-apeca,276-2016-2017-Q1-00041,current",federal/grants_NL.jsonl,"agreement 276-2016-2017-Q1-00041, amendment 1"
fed_grant-7ffc6594deb7,Dee Jay Charters,deejay charters,dee jay charters,fed_grant,0.00,True,"https://search.open.canada.ca/grants/record/esdc-edsc,141-2018-2019-Q1-04580,current",federal/grants_NL.jsonl,"agreement 141-2018-2019-Q1-04580, amendment 1"
fed_grant-803d5459555a,The Governing Council of The Salvation Army,governing council of salvation army,governing council of salvation army [bn 107951618],fed_grant,2986.00,True,"https://search.open.canada.ca/grants/record/esdc-edsc,141-2018-2019-Q1-26999,current",federal/grants_NL.jsonl,"agreement 141-2018-2019-Q1-26999, amendment 0"
fed_grant-854aee356b05,Barachois Horizons Senior Club,barachois horizons senior club,barachois horizons seniors club,fed_grant,15125.00,True,"https://search.open.canada.ca/grants/record/esdc-edsc,141-2021-2022-Q4-02471,current",federal/grants_NL.jsonl,"agreement 141-2021-2022-Q4-02471, amendment 0"
fed_grant-87188649f114,The Governing Council of The Salvation Army in Canada,governing council of salvation army in canada,governing council of salvation army in canada [bn 107951618RR0038],fed_grant,7947.00,True,"https://search.open.canada.ca/grants/record/esdc-edsc,141-2021-2022-Q2-01244,current",federal/grants_NL.jsonl,"agreement 141-2021-2022-Q2-01244, amendment 0"
fed_grant-8c5ae84a0a94,The Governing Council of The Salvation Army in Canada,governing council of salvation army in canada,governing council of salvation army in canada [bn 107951618],fed_grant,2614.00,True,"https://search.open.canada.ca/grants/record/esdc-edsc,141-2018-2019-Q1-19286,current",federal/grants_NL.jsonl,"agreement 141-2018-2019-Q1-19286, amendment 0"
fed_grant-8f67d951c8b2,Roman Catholic Episcopal Corporation of St. John's,roman catholic episcopal,roman catholic episcopal [bn 107910176],fed_grant,7379.00,True,"https://search.open.canada.ca/grants/record/esdc-edsc,141-2021-2022-Q2-03356,current",federal/grants_NL.jsonl,"agreement 141-2021-2022-Q2-03356, amendment 0"
fed_grant-9190c1412578,The Governing Council of The Salvation Army in Canada,governing council of salvation army in canada,governing council of salvation army in canada [bn 107951618],fed_grant,104459.00,True,"https://search.open.canada.ca/grants/record/aafc-aac,235-2020-2021-Q4-00266,current",federal/grants_NL.jsonl,"agreement 235-2020-2021-Q4-00266, amendment 1"
fed_grant-929f427821b4,Memorial United Church,memorial united church,memorial united church [bn 107690240],fed_grant,3055.00,True,"https://search.open.canada.ca/grants/record/esdc-edsc,141-2019-2020-Q1-09877,current",federal/grants_NL.jsonl,"agreement 141-2019-2020-Q1-09877, amendment 0"
fed_grant-9543b301d3e7,Rowing Newfoundland,rowing newfoundland,rowing newfoundland [bn 893497479],fed_grant,8958.00,True,"https://search.open.canada.ca/grants/record/esdc-edsc,141-2018-2019-Q1-31308,current",federal/grants_NL.jsonl,"agreement 141-2018-2019-Q1-31308, amendment 0"
fed_grant-957fa3c5f9ff,Town of Grand Falls-Windsor,town of grand falls windsor,town of grand falls windsor [bn 108126749],fed_grant,14210.00,True,"https://search.open.canada.ca/grants/record/esdc-edsc,141-2023-2024-Q2-01622,current",federal/grants_NL.jsonl,"agreement 141-2023-2024-Q2-01622, amendment 0"
fed_grant-9ad26360a686,Town of Grand Falls-Windsor,town of grand falls windsor,town of grand falls windsor [bn 108126749],fed_grant,192759.00,True,"https://search.open.canada.ca/grants/record/acoa-apeca,276-2021-2022-Q3-00116,current",federal/grants_NL.jsonl,"agreement 276-2021-2022-Q3-00116, amendment 0"
fed_grant-9d702c4c0a96,The Governing Council of The Salvation Army,governing council of salvation army,governing council of salvation army [bn 107951618RR0456],fed_grant,3973.00,True,"https://search.open.canada.ca/grants/record/esdc-edsc,141-2021-2022-Q2-03368,current",federal/grants_NL.jsonl,"agreement 141-2021-2022-Q2-03368, amendment 0"
fed_grant-a0f194d9f05d,The Governing Council of The Salvation Army in Canada,governing council of salvation army in canada,governing council of salvation army in canada [bn 107951618RR0093],fed_grant,4055.00,True,"https://search.open.canada.ca/grants/record/esdc-edsc,141-2022-2023-Q2-20650,current",federal/grants_NL.jsonl,"agreement 141-2022-2023-Q2-20650, amendment 0"
fed_grant-a20d32ef2ba7,The Salvation Army Governing Council of Canada,governing council of salvation army,salvation army governing council of canada,fed_grant,3696.00,True,"https://search.open.canada.ca/grants/record/esdc-edsc,141-2020-2021-Q4-03630,current",federal/grants_NL.jsonl,"agreement 141-2020-2021-Q4-03630, amendment 0"
fed_grant-a599d9140b77,The Salvation Army Governing Council of Canada,governing council of salvation army,salvation army governing council of canada,fed_grant,3055.00,True,"https://search.open.canada.ca/grants/record/esdc-edsc,141-2019-2020-Q1-11595,current",federal/grants_NL.jsonl,"agreement 141-2019-2020-Q1-11595, amendment 0"
fed_grant-a9666a430306,The Governing Council of The Salvation Army in Canada,governing council of salvation army in canada,governing council of salvation army in canada [bn 107951618],fed_grant,9144.00,True,"https://search.open.canada.ca/grants/record/esdc-edsc,141-2018-2019-Q1-13664,current",federal/grants_NL.jsonl,"agreement 141-2018-2019-Q1-13664, amendment 0"
fed_grant-ab1b22ad4009,The Roman Catholic Episcopal Corp.,roman catholic episcopal,roman catholic episcopal of grand falls,fed_grant,3119.00,True,"https://search.open.canada.ca/grants/record/esdc-edsc,141-2019-2020-Q1-09571,current",federal/grants_NL.jsonl,"agreement 141-2019-2020-Q1-09571, amendment 0"
fed_grant-ab6d88af8fad,The Governing Council of The Salvation Army Canada,governing council of salvation army,governing council of salvation army [bn 107951618RR0067],fed_grant,3055.00,True,"https://search.open.canada.ca/grants/record/esdc-edsc,141-2019-2020-Q1-10613,current",federal/grants_NL.jsonl,"agreement 141-2019-2020-Q1-10613, amendment 0"
fed_grant-ac66c3747564,Town of Grand Falls-Windsor,town of grand falls windsor,town of grand falls windsor [bn 108126749],fed_grant,11475.00,True,"https://search.open.canada.ca/grants/record/acoa-apeca,276-2026-2027-Q1-00210,current",federal/grants_NL.jsonl,"agreement 276-2026-2027-Q1-00210, amendment 0"
fed_grant-aea0f239069f,The Governing Council of The Salvation Army of Canada,governing council of salvation army,governing council of salvation army [bn 107951618RR0067],fed_grant,3973.00,True,"https://search.open.canada.ca/grants/record/esdc-edsc,141-2021-2022-Q2-02306,current",federal/grants_NL.jsonl,"agreement 141-2021-2022-Q2-02306, amendment 0"
fed_grant-afad4abd596d,Town of Heart's Delight Islington Municpal Library,town of hearts delight islington municpal library,town of hearts delight islington municipal library,fed_grant,2291.00,True,"https://search.open.canada.ca/grants/record/esdc-edsc,141-2019-2020-Q1-12181,current",federal/grants_NL.jsonl,"agreement 141-2019-2020-Q1-12181, amendment 0"
fed_grant-b08bb0cba096,The Governing Council of The Salvation Army,governing council of salvation army,governing council of salvation army [bn 107951618RR0089],fed_grant,3605.00,True,"https://search.open.canada.ca/grants/record/esdc-edsc,141-2022-2023-Q2-06822,current",federal/grants_NL.jsonl,"agreement 141-2022-2023-Q2-06822, amendment 0"
fed_grant-b0db02ce00b6,Town of Grand Falls-Windsor,town of grand falls windsor,town of grand falls windsor [bn 108126749],fed_grant,2152996.00,True,"https://search.open.canada.ca/grants/record/esdc-edsc,141-2020-2021-Q1-00026,current",federal/grants_NL.jsonl,"agreement 141-2020-2021-Q1-00026, amendment 1"
fed_grant-b2a3e5f5206c,The Governing Council of The Salvation Army in Canada,governing council of salvation army in canada,governing council of salvation army in canada [bn 107951618],fed_grant,4206.00,True,"https://search.open.canada.ca/grants/record/esdc-edsc,141-2022-2023-Q2-01670,current",federal/grants_NL.jsonl,"agreement 141-2022-2023-Q2-01670, amendment 0"
fed_grant-b2cf1a026549,The Governing Council of The Salvation Army in Canada,governing council of salvation army in canada,governing council of salvation army in canada [bn 107951618RR0089],fed_grant,4383.00,True,"https://search.open.canada.ca/grants/record/esdc-edsc,014-2025-2026-Q2-01069,current",federal/grants_NL.jsonl,"agreement 014-2025-2026-Q2-01069, amendment 0"
fed_grant-b36af83731a1,Town of Grand Falls-Windsor,town of grand falls windsor,town of grand falls windsor [bn 108126749],fed_grant,21840.00,True,"https://search.open.canada.ca/grants/record/esdc-edsc,141-2024-2025-Q2-00849,current",federal/grants_NL.jsonl,"agreement 141-2024-2025-Q2-00849, amendment 0"
fed_grant-b4c8480373f3,The Salvation Army,salvation army,salvation army [bn 107951618RR0089],fed_grant,4633.00,True,"https://search.open.canada.ca/grants/record/esdc-edsc,141-2023-2024-Q2-02569,current",federal/grants_NL.jsonl,"agreement 141-2023-2024-Q2-02569, amendment 0"
fed_grant-b8a70c3ba315,The Hangout VR Games Cafe Inc,hangout vr games cafe,hangout vr games cafe [bn 719591000],fed_grant,3802.00,True,"https://search.open.canada.ca/grants/record/esdc-edsc,141-2022-2023-Q2-06477,current",federal/grants_NL.jsonl,"agreement 141-2022-2023-Q2-06477, amendment 0"
fed_grant-ba0b2ee262c6,Town of Heart's Delight Islington Municpal Library,town of hearts delight islington municpal library,town of hearts delight islington municipal library,fed_grant,2238.00,True,"https://search.open.canada.ca/grants/record/esdc-edsc,141-2018-2019-Q1-16577,current",federal/grants_NL.jsonl,"agreement 141-2018-2019-Q1-16577, amendment 0"
fed_grant-ba796050442e,NCS Enterprises Ltd.,ncs enterprises,ncs enterprise,fed_grant,2627.00,True,"https://search.open.canada.ca/grants/record/esdc-edsc,141-2021-2022-Q2-05562,current",federal/grants_NL.jsonl,"agreement 141-2021-2022-Q2-05562, amendment 0"
fed_grant-bcece304334d,The Governing Council of the salvation Army,governing council of salvation army,governing council of salvation army [bn 107951618RR0077],fed_grant,4236.00,True,"https://search.open.canada.ca/grants/record/esdc-edsc,141-2023-2024-Q2-03187,current",federal/grants_NL.jsonl,"agreement 141-2023-2024-Q2-03187, amendment 0"
fed_grant-bd0a6ad3b2e3,Memorial United Church,memorial united church,memorial united church [bn 107690240],fed_grant,2554.00,True,"https://search.open.canada.ca/grants/record/esdc-edsc,141-2021-2022-Q2-00914,current",federal/grants_NL.jsonl,"agreement 141-2021-2022-Q2-00914, amendment 1"
fed_grant-bddb14f4e469,Town of Grand Falls-Windsor,town of grand falls windsor,town of grand falls windsor [bn 108126749],fed_grant,65279.00,True,"https://search.open.canada.ca/grants/record/acoa-apeca,276-2012-2013-Q2-00056,current",federal/grants_NL.jsonl,"agreement 276-2012-2013-Q2-00056, amendment 1"
fed_grant-be7251115b18,Johnson GEO CENTRE,johnson geo centre,johnson geo centre [bn 107690273RR0001],fed_grant,8208.00,True,"https://search.open.canada.ca/grants/record/esdc-edsc,141-2019-2020-Q1-14775,current",federal/grants_NL.jsonl,"agreement 141-2019-2020-Q1-14775, amendment 0"
fed_grant-be731df3259a,Town of Grand Falls-Windsor,town of grand falls windsor,town of grand falls windsor [bn 108126749],fed_grant,240000.00,True,"https://search.open.canada.ca/grants/record/acoa-apeca,276-2024-2025-Q4-00006,current",federal/grants_NL.jsonl,"agreement 276-2024-2025-Q4-00006, amendment 0"
fed_grant-bf20d959a569,The Governing Council of The Salvation Army of Canada,governing council of salvation army,governing council of salvation army [bn 107951618RR0067],fed_grant,4206.00,True,"https://search.open.canada.ca/grants/record/esdc-edsc,141-2022-2023-Q2-15697,current",federal/grants_NL.jsonl,"agreement 141-2022-2023-Q2-15697, amendment 0"
fed_grant-c118ec438a10,The Governing Council of The Salvation Army in Canada,governing council of salvation army in canada,governing council of salvation army in canada [bn 107951618],fed_grant,7946.00,True,"https://search.open.canada.ca/grants/record/esdc-edsc,141-2021-2022-Q2-02488,current",federal/grants_NL.jsonl,"agreement 141-2021-2022-Q2-02488, amendment 0"
fed_grant-c269cd94bd3c,Town of Grand Falls-Windsor,town of grand falls windsor,town of grand falls windsor [bn 108126749],fed_grant,42406.00,True,"https://search.open.canada.ca/grants/record/esdc-edsc,141-2020-2021-Q4-02341,current",federal/grants_NL.jsonl,"agreement 141-2020-2021-Q4-02341, amendment 0"
fed_grant-c2e571070f79,Town of Grand Falls-Windsor,town of grand falls windsor,town of grand falls windsor [bn 108126749],fed_grant,202476.97,True,"https://search.open.canada.ca/grants/record/acoa-apeca,276-2012-2013-Q3-00105,current",federal/grants_NL.jsonl,"agreement 276-2012-2013-Q3-00105, amendment 1"
fed_grant-c3bd60b49a03,Town of Grand Falls-Windsor,town of grand falls windsor,town of grand falls windsor [bn 108126749],fed_grant,25872.00,True,"https://search.open.canada.ca/grants/record/esdc-edsc,141-2022-2023-Q2-16083,current",federal/grants_NL.jsonl,"agreement 141-2022-2023-Q2-16083, amendment 0"
fed_grant-c483d8f7485c,The Governing Council of the salvation Army,governing council of salvation army,governing council of salvation army [bn 107951618RR0077],fed_grant,4206.00,True,"https://search.open.canada.ca/grants/record/esdc-edsc,141-2022-2023-Q2-08281,current",federal/grants_NL.jsonl,"agreement 141-2022-2023-Q2-08281, amendment 0"
fed_grant-c49b78d2e938,The Governing Council of The Salvation Army Canada,governing council of salvation army,governing council of salvation army [bn 107951618RR0067],fed_grant,3406.00,True,"https://search.open.canada.ca/grants/record/esdc-edsc,141-2021-2022-Q2-03572,current",federal/grants_NL.jsonl,"agreement 141-2021-2022-Q2-03572, amendment 0"
fed_grant-c4e5c1faa651,The Governing Council of The Salvation Army,governing council of salvation army,governing council of salvation army [bn 107951618RR0067],fed_grant,4808.00,True,"https://search.open.canada.ca/grants/record/esdc-edsc,141-2024-2025-Q2-04472,current",federal/grants_NL.jsonl,"agreement 141-2024-2025-Q2-04472, amendment 0"
fed_grant-c79c2ebb6b5e,The Governing Council of The Salvation Army in Canada,governing council of salvation army in canada,governing council of salvation army in canada [bn 107951618],fed_grant,9974.00,True,"https://search.open.canada.ca/grants/record/esdc-edsc,141-2024-2025-Q2-03516,current",federal/grants_NL.jsonl,"agreement 141-2024-2025-Q2-03516, amendment 0"
fed_grant-c7a52b13da61,Local Service District Development Committee,local service district development committee,local service district development committee [bn 893006064],fed_grant,3696.00,True,"https://search.open.canada.ca/grants/record/esdc-edsc,141-2020-2021-Q4-04364,current",federal/grants_NL.jsonl,"agreement 141-2020-2021-Q4-04364, amendment 0"
fed_grant-c8eb7d375cb1,Town of Grand Falls- Windsor,town of grand falls windsor,town of grand falls windsor [bn 108126749],fed_grant,34144.00,True,"https://search.open.canada.ca/grants/record/esdc-edsc,141-2021-2022-Q2-07041,current",federal/grants_NL.jsonl,"agreement 141-2021-2022-Q2-07041, amendment 0"
fed_grant-c9ee0f9cc497,The Governing Council of The Salvation Army in Canada,governing council of salvation army in canada,governing council of salvation army in canada [bn 107951618RR0457],fed_grant,5113.00,True,"https://search.open.canada.ca/grants/record/esdc-edsc,014-2025-2026-Q2-01209,current",federal/grants_NL.jsonl,"agreement 014-2025-2026-Q2-01209, amendment 0"
fed_grant-caa293a1abb1,Roman Catholic Episcopal Corporation,roman catholic episcopal,roman catholic episcopal [bn 107910176],fed_grant,3696.00,True,"https://search.open.canada.ca/grants/record/esdc-edsc,141-2020-2021-Q4-04451,current",federal/grants_NL.jsonl,"agreement 141-2020-2021-Q4-04451, amendment 0"
fed_grant-cabbc4521c29,Local Service District Development Committee,local service district development committee,local service district development committee [bn 893006064],fed_grant,4987.00,True,"https://search.open.canada.ca/grants/record/esdc-edsc,141-2024-2025-Q2-02777,current",federal/grants_NL.jsonl,"agreement 141-2024-2025-Q2-02777, amendment 0"
fed_grant-cb3e21c62903,Grand Fall-Windsor Community Garden,grand falls windsor community garden,grand fall windsor community garden,fed_grant,9266.00,True,"https://search.open.canada.ca/grants/record/esdc-edsc,141-2023-2024-Q2-01588,current",federal/grants_NL.jsonl,"agreement 141-2023-2024-Q2-01588, amendment 0"
fed_grant-ccc256c193e5,The Governing Council of The Salvation Army in Canada,governing council of salvation army in canada,governing council of salvation army in canada [bn 107951618RR0127],fed_grant,3973.00,True,"https://search.open.canada.ca/grants/record/esdc-edsc,141-2021-2022-Q2-04088,current",federal/grants_NL.jsonl,"agreement 141-2021-2022-Q2-04088, amendment 0"
fed_grant-ce8e0524d49b,The Governing Council of The Salvation Amry.,governing council of salvation army,governing council of salvation army [bn 107951618RR0077],fed_grant,2986.00,True,"https://search.open.canada.ca/grants/record/esdc-edsc,141-2018-2019-Q1-06419,current",federal/grants_NL.jsonl,"agreement 141-2018-2019-Q1-06419, amendment 0"
fed_grant-cfde5a8dd31b,The Governing Council of The Salvation Army of Canada,governing council of salvation army,governing council of salvation army [bn 107951618RR0067],fed_grant,4633.00,True,"https://search.open.canada.ca/grants/record/esdc-edsc,141-2023-2024-Q2-02662,current",federal/grants_NL.jsonl,"agreement 141-2023-2024-Q2-02662, amendment 0"
fed_grant-d03e6849a0a5,The Governing Council of The Salvation Army in Canada,governing council of salvation army in canada,governing council of salvation army in canada [bn 107951618],fed_grant,3973.00,True,"https://search.open.canada.ca/grants/record/esdc-edsc,141-2021-2022-Q2-03347,current",federal/grants_NL.jsonl,"agreement 141-2021-2022-Q2-03347, amendment 0"
fed_grant-d285df363150,Royal Canadian Legion,royal canadian legion,royal canadian legion [bn 107933061],fed_grant,4808.00,True,"https://search.open.canada.ca/grants/record/esdc-edsc,141-2024-2025-Q2-01687,current",federal/grants_NL.jsonl,"agreement 141-2024-2025-Q2-01687, amendment 0"
fed_grant-d2d1ba6e922e,The Governing Council of The Salvation Army in Canada,governing council of salvation army in canada,governing council of salvation army in canada [bn 107951618RR0038],fed_grant,7392.00,True,"https://search.open.canada.ca/grants/record/esdc-edsc,141-2020-2021-Q4-02800,current",federal/grants_NL.jsonl,"agreement 141-2020-2021-Q4-02800, amendment 0"
fed_grant-d2e0e50c12a1,Roman catholic Episcopal Corporation,roman catholic episcopal,roman catholic episcopal [bn 107910176],fed_grant,2674.00,True,"https://search.open.canada.ca/grants/record/esdc-edsc,141-2019-2020-Q1-13218,current",federal/grants_NL.jsonl,"agreement 141-2019-2020-Q1-13218, amendment 0"
fed_grant-d3d0cd340901,Grand Falls-Windsor Community Garden,grand falls windsor community garden,grand fall windsor community garden,fed_grant,4206.00,True,"https://search.open.canada.ca/grants/record/esdc-edsc,141-2022-2023-Q2-12527,current",federal/grants_NL.jsonl,"agreement 141-2022-2023-Q2-12527, amendment 0"
fed_grant-d6d002b46ab7,The Governing Council of the Salvation Army in Canada,governing council of salvation army in canada,governing council of salvation army in canada [bn 107951618RR0038],fed_grant,9974.00,True,"https://search.open.canada.ca/grants/record/esdc-edsc,141-2024-2025-Q2-01546,current",federal/grants_NL.jsonl,"agreement 141-2024-2025-Q2-01546, amendment 0"
fed_grant-d7462cc91639,The Governing Council of The Salvation Army in Canada,governing council of salvation army in canada,governing council of salvation army in canada [bn 107951618],fed_grant,8604.00,True,"https://search.open.canada.ca/grants/record/esdc-edsc,141-2023-2024-Q2-03079,current",federal/grants_NL.jsonl,"agreement 141-2023-2024-Q2-03079, amendment 0"
fed_grant-d8cfbfe87862,The Governing Council of the Salvation Army,governing council of salvation army,governing council of salvation army [bn 107951618RR0038],fed_grant,2986.00,True,"https://search.open.canada.ca/grants/record/esdc-edsc,141-2018-2019-Q1-07596,current",federal/grants_NL.jsonl,"agreement 141-2018-2019-Q1-07596, amendment 0"
fed_grant-d991f26b0b2b,The Governing Council of The Salvation Army in Canada,governing council of salvation army in canada,governing council of salvation army in canada [bn 107951618],fed_grant,12476.00,True,"https://search.open.canada.ca/grants/record/esdc-edsc,141-2019-2020-Q1-14720,current",federal/grants_NL.jsonl,"agreement 141-2019-2020-Q1-14720, amendment 0"
fed_grant-db452f14e792,Town of Grand Falls-Windsor,town of grand falls windsor,town of grand falls windsor [bn 108126749],fed_grant,618933.00,True,"https://search.open.canada.ca/grants/record/acoa-apeca,276-2016-2017-Q3-00112,current",federal/grants_NL.jsonl,"agreement 276-2016-2017-Q3-00112, amendment 2"
fed_grant-dc0258748a65,Town of Grand Falls-Windsor,town of grand falls windsor,town of grand falls windsor [bn 108126749],fed_grant,20507.00,True,"https://search.open.canada.ca/grants/record/esdc-edsc,141-2018-2019-Q1-05851,current",federal/grants_NL.jsonl,"agreement 141-2018-2019-Q1-05851, amendment 0"
fed_grant-dce137cda6ae,The Governing Council - The Salvation Army of Canada,governing council of salvation army,governing council of salvation army [bn 107951618],fed_grant,5113.00,True,"https://search.open.canada.ca/grants/record/esdc-edsc,014-2025-2026-Q2-02207,current",federal/grants_NL.jsonl,"agreement 014-2025-2026-Q2-02207, amendment 0"
fed_grant-de0042f10a55,The Governing Council of The Salvation Army,governing council of salvation army,governing council of salvation army [bn 107951618RR0038],fed_grant,3055.00,True,"https://search.open.canada.ca/grants/record/esdc-edsc,141-2019-2020-Q1-14681,current",federal/grants_NL.jsonl,"agreement 141-2019-2020-Q1-14681, amendment 0"
fed_grant-debafad7c6b1,Roman Catholic Episcopal Corporation for St. John's,roman catholic episcopal,roman catholic episcopal [bn 107910176],fed_grant,3055.00,True,"https://search.open.canada.ca/grants/record/esdc-edsc,141-2019-2020-Q1-12810,current",federal/grants_NL.jsonl,"agreement 141-2019-2020-Q1-12810, amendment 0"
fed_grant-df1e0d1bcd2d,Coley's Point Grace United Community of Faith,coleys point grace united community of faith,coleys point grace united community of faith [bn 106777014],fed_grant,3832.00,True,"https://search.open.canada.ca/grants/record/esdc-edsc,141-2021-2022-Q2-01914,current",federal/grants_NL.jsonl,"agreement 141-2021-2022-Q2-01914, amendment 0"
fed_grant-df79f9489fc6,The Governing Council of The Salvation Army,governing council of salvation army,governing council of salvation army [bn 107951618RR0067],fed_grant,4931.00,True,"https://search.open.canada.ca/grants/record/esdc-edsc,014-2025-2026-Q2-04091,current",federal/grants_NL.jsonl,"agreement 014-2025-2026-Q2-04091, amendment 0"
fed_grant-dfd1f39185f7,Parish of Heart's Content,parish of hearts content,parish of hearts content [bn 119229896RR0045],fed_grant,3696.00,True,"https://search.open.canada.ca/grants/record/esdc-edsc,141-2020-2021-Q4-04244,current",federal/grants_NL.jsonl,"agreement 141-2020-2021-Q4-04244, amendment 0"
fed_grant-e27a343cb1b7,The Governing Council of the Salvation Army in Canada,governing council of salvation army in canada,governing council of salvation army in canada [bn 107951618],fed_grant,4987.00,True,"https://search.open.canada.ca/grants/record/esdc-edsc,141-2024-2025-Q2-03457,current",federal/grants_NL.jsonl,"agreement 141-2024-2025-Q2-03457, amendment 0"
fed_grant-e3e60501dfa8,The Governing Council of The Salvation Army in Canada,governing council of salvation army in canada,governing council of salvation army in canada [bn 107951618],fed_grant,3477.00,True,"https://search.open.canada.ca/grants/record/esdc-edsc,141-2021-2022-Q2-04244,current",federal/grants_NL.jsonl,"agreement 141-2021-2022-Q2-04244, amendment 0"
fed_grant-e4254d6449b1,Memorial United Church,memorial united church,memorial united church [bn 107690240],fed_grant,4206.00,True,"https://search.open.canada.ca/grants/record/esdc-edsc,141-2022-2023-Q2-08853,current",federal/grants_NL.jsonl,"agreement 141-2022-2023-Q2-08853, amendment 0"
fed_grant-e436f3d23f77,The Governing Council of the Salvation Army of Canada,governing council of salvation army,governing council of salvation army [bn 107951618RR0067],fed_grant,3696.00,True,"https://search.open.canada.ca/grants/record/esdc-edsc,141-2020-2021-Q4-02761,current",federal/grants_NL.jsonl,"agreement 141-2020-2021-Q4-02761, amendment 0"
fed_grant-e6e9540ce8a2,Local Service District Development Committee,local service district development committee,local service district development committee [bn 865502488],fed_grant,8412.00,True,"https://search.open.canada.ca/grants/record/esdc-edsc,141-2022-2023-Q2-25164,current",federal/grants_NL.jsonl,"agreement 141-2022-2023-Q2-25164, amendment 0"
fed_grant-e828e7bdf5e5,United Church of Canada,united church of canada,united church of canada [bn 872937693],fed_grant,2985.00,True,"https://search.open.canada.ca/grants/record/esdc-edsc,141-2018-2019-Q1-08979,current",federal/grants_NL.jsonl,"agreement 141-2018-2019-Q1-08979, amendment 0"
fed_grant-e88d27a851d1,Town of Grand Falls-Windsor,town of grand falls windsor,town of grand falls windsor [bn 108126749],fed_grant,223768.00,True,"https://search.open.canada.ca/grants/record/acoa-apeca,276-2024-2025-Q3-00100,current",federal/grants_NL.jsonl,"agreement 276-2024-2025-Q3-00100, amendment 0"
fed_grant-eaf1a921c751,The Governing Council of The Salvation Army in Canada,governing council of salvation army in canada,governing council of salvation army in canada [bn 107951618],fed_grant,5113.00,True,"https://search.open.canada.ca/grants/record/esdc-edsc,014-2025-2026-Q2-03539,current",federal/grants_NL.jsonl,"agreement 014-2025-2026-Q2-03539, amendment 0"
fed_grant-ec05e313104d,The Governing Council of The Salvation Army,governing council of salvation army,governing council of salvation army [bn 107951618RR0510],fed_grant,4808.00,True,"https://search.open.canada.ca/grants/record/esdc-edsc,141-2024-2025-Q2-04115,current",federal/grants_NL.jsonl,"agreement 141-2024-2025-Q2-04115, amendment 0"
fed_grant-ee2176218fd9,Town of Grand Falls-Windsor,town of grand falls windsor,town of grand falls windsor [bn 108126749],fed_grant,3000000.00,True,"https://search.open.canada.ca/grants/record/acoa-apeca,276-2009-2010-Q1-00103,current",federal/grants_NL.jsonl,"agreement 276-2009-2010-Q1-00103, amendment 0"
fed_grant-eed3298306d8,Johnson GEO CENTRE,johnson geo centre,johnson geo centre [bn 892350612RR0001],fed_grant,17912.00,True,"https://search.open.canada.ca/grants/record/esdc-edsc,141-2018-2019-Q1-13169,current",federal/grants_NL.jsonl,"agreement 141-2018-2019-Q1-13169, amendment 0"
fed_grant-ef51f1352663,Coley's Point Grace United Community of Faith,coleys point grace united community of faith,coleys point grace united community of faith [bn 802373589],fed_grant,3605.00,True,"https://search.open.canada.ca/grants/record/esdc-edsc,141-2022-2023-Q2-04128,current",federal/grants_NL.jsonl,"agreement 141-2022-2023-Q2-04128, amendment 0"
fed_grant-efdc07c351d2,Memorial United Church,memorial united church,memorial united church [bn 107690240],fed_grant,2613.00,True,"https://search.open.canada.ca/grants/record/esdc-edsc,141-2018-2019-Q1-12234,current",federal/grants_NL.jsonl,"agreement 141-2018-2019-Q1-12234, amendment 0"
fed_grant-f3f318461fce,Parish of Heart's Content,parish of hearts content,parish of hearts content [bn 119229896RR0021],fed_grant,2291.00,True,"https://search.open.canada.ca/grants/record/esdc-edsc,141-2019-2020-Q1-15787,current",federal/grants_NL.jsonl,"agreement 141-2019-2020-Q1-15787, amendment 0"
fed_grant-f4f36c1e85a8,Rowing Newfoundland,rowing newfoundland,rowing newfoundland [bn 850574039],fed_grant,15894.00,True,"https://search.open.canada.ca/grants/record/esdc-edsc,141-2021-2022-Q2-02921,current",federal/grants_NL.jsonl,"agreement 141-2021-2022-Q2-02921, amendment 0"
fed_grant-f553242bc125,The Governing Council of The Salvation Army in Canada,governing council of salvation army in canada,governing council of salvation army in canada [bn 107951618RR0457],fed_grant,4633.00,True,"https://search.open.canada.ca/grants/record/esdc-edsc,141-2023-2024-Q2-02344,current",federal/grants_NL.jsonl,"agreement 141-2023-2024-Q2-02344, amendment 0"
fed_grant-f5d1ca695200,United Church of Canada,united church of canada,united church of canada [bn 106777014],fed_grant,2291.00,True,"https://search.open.canada.ca/grants/record/esdc-edsc,141-2019-2020-Q1-10521,current",federal/grants_NL.jsonl,"agreement 141-2019-2020-Q1-10521, amendment 0"
fed_grant-f69d096f3d03,Town of Grand Falls-Windsor,town of grand falls windsor,town of grand falls windsor [bn 108126749],fed_grant,500000.00,True,"https://search.open.canada.ca/grants/record/acoa-apeca,276-2012-2013-Q2-00069,current",federal/grants_NL.jsonl,"agreement 276-2012-2013-Q2-00069, amendment 0"
fed_grant-f7c023fa46db,The Governing Council of The Salvation Army in Canada,governing council of salvation army in canada,governing council of salvation army in canada [bn 107951618RR0088],fed_grant,3236.00,True,"https://search.open.canada.ca/grants/record/esdc-edsc,141-2020-2021-Q4-04471,current",federal/grants_NL.jsonl,"agreement 141-2020-2021-Q4-04471, amendment 0"
fed_grant-f89c807e8977,Local Service District Development Committee,local service district development committee,local service district development committee [bn 893006064],fed_grant,4633.00,True,"https://search.open.canada.ca/grants/record/esdc-edsc,141-2023-2024-Q2-04136,current",federal/grants_NL.jsonl,"agreement 141-2023-2024-Q2-04136, amendment 0"
fed_grant-fb7bf1300d1d,The Salvation Army,salvation army,salvation army [bn 107951618RR0434],fed_grant,3973.00,True,"https://search.open.canada.ca/grants/record/esdc-edsc,141-2021-2022-Q2-03344,current",federal/grants_NL.jsonl,"agreement 141-2021-2022-Q2-03344, amendment 0"
fed_grant-fb9f0d21c186,The Roman Catholic Episcopal Corporation,roman catholic episcopal,roman catholic episcopal of grand falls,fed_grant,3119.00,True,"https://search.open.canada.ca/grants/record/esdc-edsc,141-2019-2020-Q1-13406,current",federal/grants_NL.jsonl,"agreement 141-2019-2020-Q1-13406, amendment 0"
fed_grant-fc9a59788890,The Governing Council Of The Salvation Army,governing council of salvation army,governing council of salvation army [bn 107951618RR0089],fed_grant,2239.00,True,"https://search.open.canada.ca/grants/record/esdc-edsc,141-2018-2019-Q1-18115,current",federal/grants_NL.jsonl,"agreement 141-2018-2019-Q1-18115, amendment 0"
fed_grant-fccfab1c24cc,Town of Grand Falls-Windsor,town of grand falls windsor,town of grand falls windsor [bn 108126749],fed_grant,1069538.00,True,"https://search.open.canada.ca/grants/record/esdc-edsc,GC-2014-Q1-00235,current",federal/grants_NL.jsonl,"agreement GC-2014-Q1-00235, amendment 0"
fed_grant-fce4a672b6b0,The Governing Council of The Salvation Army,governing council of salvation army,governing council of salvation army [bn 107951618RR0089],fed_grant,2773.00,True,"https://search.open.canada.ca/grants/record/esdc-edsc,141-2020-2021-Q4-04040,current",federal/grants_NL.jsonl,"agreement 141-2020-2021-Q4-04040, amendment 0"
fed_grant-fd532a00519b,United Church of Canada,united church of canada,united church of canada [bn 872937693],fed_grant,3055.00,True,"https://search.open.canada.ca/grants/record/esdc-edsc,141-2019-2020-Q1-15585,current",federal/grants_NL.jsonl,"agreement 141-2019-2020-Q1-15585, amendment 0"
fed_grant-fdb2032f8c92,Town of Grand Falls-Windsor,town of grand falls windsor,town of grand falls windsor [bn 108126749],fed_grant,7836683.00,True,"https://search.open.canada.ca/grants/record/esdc-edsc,141-2018-2019-Q4-01022,current",federal/grants_NL.jsonl,"agreement 141-2018-2019-Q4-01022, amendment 2"
fed_grant-fe1fdfdfd175,The Governing Council of The Salvation Army in Canada,governing council of salvation army in canada,governing council of salvation army in canada [bn 107951618],fed_grant,6237.00,True,"https://search.open.canada.ca/grants/record/esdc-edsc,141-2019-2020-Q1-14663,current",federal/grants_NL.jsonl,"agreement 141-2019-2020-Q1-14663, amendment 0"
pa_tp-44c8396f8c76,Town of Grand Falls-Windsor,town of grand falls windsor,town of grand falls windsor [bn 108126749],pa_tp,126854.00,False,https://donnees-data.tpsgc-pwgsc.gc.ca/ba1/pt-tp/pt-tp-2025.csv,federal/tp-2025.csv,CSV line 5699
pa_tp-6cc5417a2e4c,Town of Grand Falls-Windsor,town of grand falls windsor,town of grand falls windsor [bn 108126749],pa_tp,1748330.00,False,https://donnees-data.tpsgc-pwgsc.gc.ca/ba1/pt-tp/pt-tp-2023.csv,federal/tp-2023.csv,CSV line 10586
pa_tp-a1fb0bffbae5,Town of Grand Falls-Windsor,town of grand falls windsor,town of grand falls windsor [bn 108126749],pa_tp,1870761.00,False,https://donnees-data.tpsgc-pwgsc.gc.ca/ba1/pt-tp/pt-tp-2025.csv,federal/tp-2025.csv,CSV line 17307
pa_tp-a7b59ebcb5c4,Town of Grand Falls-Windsor,town of grand falls windsor,town of grand falls windsor [bn 108126749],pa_tp,1748330.00,False,https://donnees-data.tpsgc-pwgsc.gc.ca/ba1/pt-tp/pt-tp-2024.csv,federal/tp-2024.csv,CSV line 18196
pa_tp-b3fdb74495ec,Town of Grand Falls-Windsor,town of grand falls windsor,town of grand falls windsor [bn 108126749],pa_tp,300037.00,False,https://donnees-data.tpsgc-pwgsc.gc.ca/ba1/pt-tp/pt-tp-2024.csv,federal/tp-2024.csv,CSV line 18148
pa_tp-e45ce725454b,Town of Grand Falls-Windsor,town of grand falls windsor,town of grand falls windsor [bn 108126749],pa_tp,409423.00,False,https://donnees-data.tpsgc-pwgsc.gc.ca/ba1/pt-tp/pt-tp-2023.csv,federal/tp-2023.csv,CSV line 5109
pa_tp-ecff8bb3104c,Town of Grand Falls-Windsor,town of grand falls windsor,town of grand falls windsor [bn 108126749],pa_tp,153159.00,False,https://donnees-data.tpsgc-pwgsc.gc.ca/ba1/pt-tp/pt-tp-2022.csv,federal/tp-2022.csv,CSV line 6050
pa_tp-f1632a3ada63,Town of Grand Falls-Windsor,town of grand falls windsor,town of grand falls windsor [bn 108126749],pa_tp,1304474.00,False,https://donnees-data.tpsgc-pwgsc.gc.ca/ba1/pt-tp/pt-tp-2022.csv,federal/tp-2022.csv,CSV line 3606
pa_tp-fcfda5e2a141,Town of Grand Falls-Windsor,town of grand falls windsor,town of grand falls windsor [bn 108126749],pa_tp,896473.00,False,https://donnees-data.tpsgc-pwgsc.gc.ca/ba1/pt-tp/pt-tp-2022.csv,federal/tp-2022.csv,CSV line 16790
